E-ERAD-169	olfactory epithelium	http://purl.obolibrary.org/obo/UBERON_0001997
E-ERAD-169	vomeronasal organ	http://purl.obolibrary.org/obo/UBERON_0002255
E-ERAD-181	caecum	http://purl.obolibrary.org/obo/UBERON_0001153
E-ERAD-181	mesenteric lymph node	http://purl.obolibrary.org/obo/UBERON_0002509
E-GEOD-10940	abdomen	http://purl.obolibrary.org/obo/UBERON_0000916
E-GEOD-10940	head/thorax	http://purl.obolibrary.org/obo/UBERON_0000033 http://purl.obolibrary.org/obo/UBERON_0000915
E-GEOD-1148	animal ovary
E-GEOD-1148	hypothalamus	http://purl.obolibrary.org/obo/UBERON_0001898
E-GEOD-1148	kidney	http://purl.obolibrary.org/obo/UBERON_0002113
E-GEOD-1148	liver	http://purl.obolibrary.org/obo/UBERON_0002107
E-GEOD-1148	testis	http://purl.obolibrary.org/obo/UBERON_0000473
E-GEOD-11755	blood	http://purl.obolibrary.org/obo/UBERON_0000178
E-GEOD-13793	cerebellum	http://purl.obolibrary.org/obo/UBERON_0002037
E-GEOD-13793	hippocampus	http://purl.obolibrary.org/obo/UBERON_0002421
E-GEOD-13909	peripheral blood	http://purl.obolibrary.org/obo/UBERON_0000178
E-GEOD-13909	spleen	http://purl.obolibrary.org/obo/UBERON_0002106
E-GEOD-1463	extra-ocular muscle	http://purl.obolibrary.org/obo/UBERON_0001601
E-GEOD-1463	hindlimb muscle	http://purl.obolibrary.org/obo/UBERON_0003663
E-GEOD-1463	myocardium	http://purl.obolibrary.org/obo/UBERON_0002349
E-GEOD-15129	brain	http://purl.obolibrary.org/obo/UBERON_0000955
E-GEOD-15129	heart	http://purl.obolibrary.org/obo/UBERON_0000948
E-GEOD-15129	kidney	http://purl.obolibrary.org/obo/UBERON_0002113
E-GEOD-15129	liver	http://purl.obolibrary.org/obo/UBERON_0002107
E-GEOD-15184	distal colon	http://purl.obolibrary.org/obo/UBERON_0001155
E-GEOD-15184	proximal colon	http://purl.obolibrary.org/obo/UBERON_0008972
E-GEOD-1571	bone marrow	http://purl.obolibrary.org/obo/UBERON_0002371
E-GEOD-1571	muscle	http://purl.obolibrary.org/obo/UBERON_0002385
E-GEOD-15737	rectus extraocular muscle	http://purl.obolibrary.org/obo/UBERON_0006533
E-GEOD-15737	tibialis anterior	http://purl.obolibrary.org/obo/UBERON_0001385
E-GEOD-16056	flower	http://purl.obolibrary.org/obo/PO_0009046
E-GEOD-16056	root	http://purl.obolibrary.org/obo/PO_0009005
E-GEOD-16360	gastrocnemius	http://purl.obolibrary.org/obo/UBERON_0001388
E-GEOD-16360	triceps	http://purl.obolibrary.org/obo/UBERON_0001509
E-GEOD-16361	gastrocnemius	http://purl.obolibrary.org/obo/UBERON_0001388
E-GEOD-16361	triceps	http://purl.obolibrary.org/obo/UBERON_0001509
E-GEOD-16722	root	http://purl.obolibrary.org/obo/PO_0009005
E-GEOD-16722	shoot	http://purl.obolibrary.org/obo/PO_0009006
E-GEOD-16879	colon	http://purl.obolibrary.org/obo/UBERON_0001155
E-GEOD-16879	ileum	http://purl.obolibrary.org/obo/UBERON_0002116
E-GEOD-16981	proximal tibia hypertrophic zone
E-GEOD-16981	proximal tibia proliferative and early hypertrophic zone
E-GEOD-16981	proximal tibia proliferative zone
E-GEOD-16981	proximal tibia resting zone
E-GEOD-17438	duodenum	http://purl.obolibrary.org/obo/UBERON_0002114
E-GEOD-17438	ileum	http://purl.obolibrary.org/obo/UBERON_0002116
E-GEOD-17438	jejunum	http://purl.obolibrary.org/obo/UBERON_0002115
E-GEOD-17438	proximal colon	http://purl.obolibrary.org/obo/UBERON_0008972
E-GEOD-17539	cultured skin substitute
E-GEOD-17539	skin	http://purl.obolibrary.org/obo/UBERON_0000014
E-GEOD-17845	leave without petiole
E-GEOD-17845	petiole	http://purl.obolibrary.org/obo/PO_0020038
E-GEOD-18617	developing cerebellum	http://purl.obolibrary.org/obo/UBERON_0002037
E-GEOD-18617	mature cerebellum	http://purl.obolibrary.org/obo/UBERON_0002037
E-GEOD-19245	root	http://purl.obolibrary.org/obo/PO_0009005
E-GEOD-19245	shoot	http://purl.obolibrary.org/obo/PO_0009006
E-GEOD-19249	colon	http://purl.obolibrary.org/obo/UBERON_0001155
E-GEOD-19249	kidney	http://purl.obolibrary.org/obo/UBERON_0002113
E-GEOD-19249	lung	http://purl.obolibrary.org/obo/UBERON_0002048
E-GEOD-19279	liver	http://purl.obolibrary.org/obo/UBERON_0002107
E-GEOD-19279	pancreas	http://purl.obolibrary.org/obo/UBERON_0001264
E-GEOD-19280	liver	http://purl.obolibrary.org/obo/UBERON_0002107
E-GEOD-19280	pancreas	http://purl.obolibrary.org/obo/UBERON_0001264
E-GEOD-19520	guard cells	http://purl.obolibrary.org/obo/CL_0000292
E-GEOD-19520	leaf	http://purl.obolibrary.org/obo/PO_0025034
E-GEOD-19534	cerebellum	http://purl.obolibrary.org/obo/UBERON_0002037
E-GEOD-19534	striatum	http://purl.obolibrary.org/obo/UBERON_0002435
E-GEOD-20227	flower	http://purl.obolibrary.org/obo/PO_0009046
E-GEOD-20227	rosette leaf	http://purl.obolibrary.org/obo/PO_0000014
E-GEOD-20388	frontal cortex	http://purl.obolibrary.org/obo/UBERON_0001870
E-GEOD-20388	hippocampus	http://purl.obolibrary.org/obo/UBERON_0002421
E-GEOD-20493	root	http://purl.obolibrary.org/obo/PO_0009005
E-GEOD-20493	rosette leaf	http://purl.obolibrary.org/obo/PO_0000014
E-GEOD-20498	bile duct	http://purl.obolibrary.org/obo/UBERON_0002394
E-GEOD-20498	liver	http://purl.obolibrary.org/obo/UBERON_0002107
E-GEOD-20950	omental adipose	http://purl.obolibrary.org/obo/UBERON_0010414
E-GEOD-20950	subcutaneous adipose	http://purl.obolibrary.org/obo/UBERON_0002190
E-GEOD-21396	anther	http://purl.obolibrary.org/obo/PO_0009066
E-GEOD-21396	endosperm	http://purl.obolibrary.org/obo/PO_0009089
E-GEOD-21396	inflorescence	http://purl.obolibrary.org/obo/PO_0009049
E-GEOD-21396	leaf lamina	http://purl.obolibrary.org/obo/PO_0020039
E-GEOD-21396	leaf sheath	http://purl.obolibrary.org/obo/PO_0020104
E-GEOD-21396	lemma	http://purl.obolibrary.org/obo/PO_0009037
E-GEOD-21396	palea	http://purl.obolibrary.org/obo/PO_0009038
E-GEOD-21396	pistil	http://purl.obolibrary.org/obo/PO_0009030
E-GEOD-21396	plant embryo	http://purl.obolibrary.org/obo/PO_0009009
E-GEOD-21396	plant ovary	http://purl.obolibrary.org/obo/PO_0009072
E-GEOD-21396	root	http://purl.obolibrary.org/obo/PO_0009005
E-GEOD-21396	stem	http://purl.obolibrary.org/obo/PO_0009047
E-GEOD-21681	dentate gyrus	http://purl.obolibrary.org/obo/UBERON_0001885
E-GEOD-21681	hippocampus CA1	http://purl.obolibrary.org/obo/UBERON_0003881
E-GEOD-21681	hippocampus CA3	http://purl.obolibrary.org/obo/UBERON_0003883
E-GEOD-21791	diaphragm	http://purl.obolibrary.org/obo/UBERON_0001103
E-GEOD-21791	sternohyoid	http://purl.obolibrary.org/obo/UBERON_0001107
E-GEOD-2198	anterior tibialis	http://purl.obolibrary.org/obo/UBERON_0001385
E-GEOD-2198	liver	http://purl.obolibrary.org/obo/UBERON_0002107
E-GEOD-2198	medial gastrocnemius	http://purl.obolibrary.org/obo/UBERON_0001388
E-GEOD-22131	brain	http://purl.obolibrary.org/obo/UBERON_0000955
E-GEOD-22131	medial prefrontal cortex	http://purl.obolibrary.org/obo/UBERON_0000451
E-GEOD-22131	preoptic area	http://purl.obolibrary.org/obo/UBERON_0001928
E-GEOD-2240	atrial myocardium	http://purl.obolibrary.org/obo/UBERON_0002302
E-GEOD-2240	ventricular myocardium	http://purl.obolibrary.org/obo/UBERON_0001083
E-GEOD-22501	cord blood	http://purl.obolibrary.org/obo/UBERON_0012168
E-GEOD-22501	peripheral blood	http://purl.obolibrary.org/obo/UBERON_0000178
E-GEOD-22947	cambium	http://purl.obolibrary.org/obo/PO_0005597
E-GEOD-22947	starch sheath
E-GEOD-22947	stem tissue	http://purl.obolibrary.org/obo/PO_0009047
E-GEOD-24283	brain	http://purl.obolibrary.org/obo/UBERON_0000955
E-GEOD-24283	multiple
E-GEOD-24283	prostate	http://purl.obolibrary.org/obo/UBERON_0002367
E-GEOD-24348	root	http://purl.obolibrary.org/obo/PO_0009005
E-GEOD-24348	rosette leaf	http://purl.obolibrary.org/obo/PO_0000014
E-GEOD-24781	base of stem	http://purl.obolibrary.org/obo/PO_0008039
E-GEOD-24781	first internode of stem	http://purl.obolibrary.org/obo/PO_0020142
E-GEOD-2507	left ventricle cardiac muscle	http://purl.obolibrary.org/obo/UBERON_0003382
E-GEOD-2507	skeletal muscle	http://purl.obolibrary.org/obo/UBERON_0001134
E-GEOD-29163	floral bud	http://purl.obolibrary.org/obo/PO_0000056
E-GEOD-29163	leaf	http://purl.obolibrary.org/obo/PO_0025034
E-GEOD-29163	root	http://purl.obolibrary.org/obo/PO_0009005
E-GEOD-29163	seed	http://purl.obolibrary.org/obo/PO_0009010
E-GEOD-29163	stem	http://purl.obolibrary.org/obo/PO_0009047
E-GEOD-29163	whole organism	http://purl.obolibrary.org/obo/UBERON_0000468
E-GEOD-30095	root columella root cap	http://purl.obolibrary.org/obo/PO_0020130
E-GEOD-30095	root cortex	http://purl.obolibrary.org/obo/PO_0000258
E-GEOD-30095	root endodermis and quiescent center	http://purl.obolibrary.org/obo/PO_0020149 http://purl.obolibrary.org/obo/PO_0005059
E-GEOD-30095	root epidermis and lateral root cap	http://purl.obolibrary.org/obo/PO_0006036 http://purl.obolibrary.org/obo/PO_0020131
E-GEOD-30095	root stele	http://purl.obolibrary.org/obo/PO_0020124
E-GEOD-30249	root	http://purl.obolibrary.org/obo/PO_0009005
E-GEOD-30249	shoot	http://purl.obolibrary.org/obo/PO_0009006
E-GEOD-30367	root	http://purl.obolibrary.org/obo/PO_0009005
E-GEOD-30367	root tip	http://purl.obolibrary.org/obo/PO_0000025
E-GEOD-31115	epidimymal fat	http://purl.obolibrary.org/obo/UBERON_0010412
E-GEOD-31115	liver	http://purl.obolibrary.org/obo/UBERON_0002107
E-GEOD-31115	subcutaneous fat	http://purl.obolibrary.org/obo/UBERON_0002190
E-GEOD-31834	lower shoot base
E-GEOD-31834	shoot base
E-GEOD-31834	upper shoot base
E-GEOD-33381	epididymal white adipose tissue	http://purl.obolibrary.org/obo/UBERON_0001347
E-GEOD-33381	liver	http://purl.obolibrary.org/obo/UBERON_0002107
E-GEOD-33790	root	http://purl.obolibrary.org/obo/PO_0009005
E-GEOD-33790	shoot	http://purl.obolibrary.org/obo/PO_0009006
E-GEOD-34670	bone marrow	http://purl.obolibrary.org/obo/UBERON_0002371
E-GEOD-34670	cord blood	http://purl.obolibrary.org/obo/UBERON_0012168
E-GEOD-34670	peripheral blood	http://purl.obolibrary.org/obo/UBERON_0000178
E-GEOD-3486	cornea	http://purl.obolibrary.org/obo/UBERON_0000964
E-GEOD-3486	skin	http://purl.obolibrary.org/obo/UBERON_0000014
E-GEOD-3486	tendon	http://purl.obolibrary.org/obo/UBERON_0000043
E-GEOD-35396	pineal gland	http://purl.obolibrary.org/obo/UBERON_0001905
E-GEOD-35396	retina	http://purl.obolibrary.org/obo/UBERON_0000966
E-GEOD-35580	columella	http://purl.obolibrary.org/obo/PO_0025230
E-GEOD-35580	epidermis	http://purl.obolibrary.org/obo/UBERON_0001003
E-GEOD-35580	pericycle	http://purl.obolibrary.org/obo/PO_0006203
E-GEOD-35580	stele	http://purl.obolibrary.org/obo/PO_0025197
E-GEOD-35580	whole root	http://purl.obolibrary.org/obo/PO_0009005
E-GEOD-35843	root	http://purl.obolibrary.org/obo/PO_0009005
E-GEOD-35843	root tip	http://purl.obolibrary.org/obo/PO_0000025
E-GEOD-36765	breast tumor	http://www.ebi.ac.uk/efo/EFO_0000305
E-GEOD-36765	lymph node	http://purl.obolibrary.org/obo/UBERON_0000029
E-GEOD-36765	peripheral blood	http://purl.obolibrary.org/obo/UBERON_0000178
E-GEOD-36789	leaf	http://purl.obolibrary.org/obo/PO_0025034
E-GEOD-36789	root	http://purl.obolibrary.org/obo/PO_0009005
E-GEOD-3822	metanephric mesenchyme	http://purl.obolibrary.org/obo/UBERON_0003220
E-GEOD-3822	ureteric bud	http://purl.obolibrary.org/obo/UBERON_0000084
E-GEOD-38612	flower	http://purl.obolibrary.org/obo/PO_0009046
E-GEOD-38612	fruit	http://purl.obolibrary.org/obo/PO_0009001
E-GEOD-38612	leaf	http://purl.obolibrary.org/obo/PO_0025034
E-GEOD-38612	root	http://purl.obolibrary.org/obo/PO_0009005
E-GEOD-38959	breast	http://purl.obolibrary.org/obo/UBERON_0000310
E-GEOD-38959	heart	http://purl.obolibrary.org/obo/UBERON_0000948
E-GEOD-38959	kidney	http://purl.obolibrary.org/obo/UBERON_0002113
E-GEOD-38959	liver	http://purl.obolibrary.org/obo/UBERON_0002107
E-GEOD-38959	lung	http://purl.obolibrary.org/obo/UBERON_0002048
E-GEOD-39268	root	http://purl.obolibrary.org/obo/PO_0009005
E-GEOD-39268	shoot	http://purl.obolibrary.org/obo/PO_0009006
E-GEOD-39432	endosperm	http://purl.obolibrary.org/obo/PO_0009089
E-GEOD-39432	plant embryo	http://purl.obolibrary.org/obo/PO_0009009
E-GEOD-39687	root	http://purl.obolibrary.org/obo/PO_0009005
E-GEOD-39687	shoot	http://purl.obolibrary.org/obo/PO_0009006
E-GEOD-40061	leaf	http://purl.obolibrary.org/obo/PO_0025034
E-GEOD-40061	root	http://purl.obolibrary.org/obo/PO_0009005
E-GEOD-40076	root	http://purl.obolibrary.org/obo/PO_0009005
E-GEOD-40076	shoot	http://purl.obolibrary.org/obo/PO_0009006
E-GEOD-40377	hippocampus	http://purl.obolibrary.org/obo/UBERON_0002421
E-GEOD-40377	striatum	http://purl.obolibrary.org/obo/UBERON_0002435
E-GEOD-40549	cortex of root	http://purl.obolibrary.org/obo/PO_0000258
E-GEOD-40549	epidermis plus exodermis of root
E-GEOD-40549	vascular bundle from new leaf at the lowest node
E-GEOD-40549	vascular bundle from old leaf at the lowest node
E-GEOD-40549	vascular bundle of root
E-GEOD-42871	cotyledon	http://purl.obolibrary.org/obo/PO_0020030
E-GEOD-42871	seed coat	http://purl.obolibrary.org/obo/PO_0009088
E-GEOD-42871	seed	http://purl.obolibrary.org/obo/PO_0009010
E-GEOD-42891	flower bud	http://purl.obolibrary.org/obo/PO_0000056
E-GEOD-42891	flower	http://purl.obolibrary.org/obo/PO_0009046
E-GEOD-42891	fruit	http://purl.obolibrary.org/obo/PO_0009001
E-GEOD-42891	leaf	http://purl.obolibrary.org/obo/PO_0025034
E-GEOD-42891	plant callus	http://purl.obolibrary.org/obo/PO_0005052
E-GEOD-42891	root	http://purl.obolibrary.org/obo/PO_0009005
E-GEOD-42891	stem	http://purl.obolibrary.org/obo/PO_0009047
E-GEOD-42895	liver	http://purl.obolibrary.org/obo/UBERON_0002107
E-GEOD-42895	striatum	http://purl.obolibrary.org/obo/UBERON_0002435
E-GEOD-42912	substantia nigra	http://purl.obolibrary.org/obo/UBERON_0002038
E-GEOD-42912	ventral tegmental area	http://purl.obolibrary.org/obo/UBERON_0002691
E-GEOD-43721	brain	http://purl.obolibrary.org/obo/UBERON_0000955
E-GEOD-43721	liver	http://purl.obolibrary.org/obo/UBERON_0002107
E-GEOD-43721	testis	http://purl.obolibrary.org/obo/UBERON_0000473
E-GEOD-44366	caecum	http://purl.obolibrary.org/obo/UBERON_0001153
E-GEOD-44366	colon	http://purl.obolibrary.org/obo/UBERON_0001155
E-GEOD-44366	ileum	http://purl.obolibrary.org/obo/UBERON_0002116
E-GEOD-44674	liver	http://purl.obolibrary.org/obo/UBERON_0002107
E-GEOD-44674	lung	http://purl.obolibrary.org/obo/UBERON_0002048
E-GEOD-44674	spleen	http://purl.obolibrary.org/obo/UBERON_0002106
E-GEOD-4494	accumbens	http://purl.obolibrary.org/obo/UBERON_0001882
E-GEOD-4494	amygdala	http://purl.obolibrary.org/obo/UBERON_0001876
E-GEOD-4494	caudate-putamen	http://purl.obolibrary.org/obo/UBERON_0005383
E-GEOD-4494	frontal cortex	http://purl.obolibrary.org/obo/UBERON_0001870
E-GEOD-4494	hippocampus	http://purl.obolibrary.org/obo/UBERON_0002421
E-GEOD-45278	dentate gyrus of hippocampal formation	http://purl.obolibrary.org/obo/UBERON_0001885
E-GEOD-45278	olfactory bulb	http://purl.obolibrary.org/obo/UBERON_0002264
E-GEOD-45278	striatum	http://purl.obolibrary.org/obo/UBERON_0002435
E-GEOD-45278	subventricular zone	http://purl.obolibrary.org/obo/UBERON_0004922
E-GEOD-46686	bone marrow	http://purl.obolibrary.org/obo/UBERON_0002371
E-GEOD-46686	brain	http://purl.obolibrary.org/obo/UBERON_0000955
E-GEOD-46858	articular cartilage	http://purl.obolibrary.org/obo/UBERON_0010996
E-GEOD-46858	cerebellum	http://purl.obolibrary.org/obo/UBERON_0002037
E-GEOD-46858	embryo	http://purl.obolibrary.org/obo/UBERON_0000922
E-GEOD-46858	placental villous
E-GEOD-46858	synovial membrane	http://purl.obolibrary.org/obo/FMA_66762
E-GEOD-46858	testis	http://purl.obolibrary.org/obo/UBERON_0000473
E-GEOD-46867	root	http://purl.obolibrary.org/obo/PO_0009005
E-GEOD-46867	shoot	http://purl.obolibrary.org/obo/PO_0009006
E-GEOD-46952	ileum	http://purl.obolibrary.org/obo/UBERON_0002116
E-GEOD-46952	liver	http://purl.obolibrary.org/obo/UBERON_0002107
E-GEOD-47401	hindlimb	http://purl.obolibrary.org/obo/UBERON_0002103
E-GEOD-47401	whole forelimb and hindlimb
E-GEOD-47577	endometrium	http://purl.obolibrary.org/obo/UBERON_0001295
E-GEOD-47577	Fibroid	http://www.ebi.ac.uk/efo/EFO_0000731
E-GEOD-47577	myometrium	http://purl.obolibrary.org/obo/UBERON_0001296
E-GEOD-48125	duodenum	http://purl.obolibrary.org/obo/UBERON_0002114
E-GEOD-48125	ileum	http://purl.obolibrary.org/obo/UBERON_0002116
E-GEOD-48549	root	http://purl.obolibrary.org/obo/PO_0009005
E-GEOD-48549	shoot	http://purl.obolibrary.org/obo/PO_0009006
E-GEOD-48805	bone marrow	http://purl.obolibrary.org/obo/UBERON_0002371
E-GEOD-48805	lamina propria	http://purl.obolibrary.org/obo/UBERON_0000030
E-GEOD-48962	brain cortex	http://purl.obolibrary.org/obo/UBERON_0000956
E-GEOD-48962	striatum	http://purl.obolibrary.org/obo/UBERON_0002435
E-GEOD-49050	cerebellum	http://purl.obolibrary.org/obo/UBERON_0002037
E-GEOD-49050	cerebral cortex	http://purl.obolibrary.org/obo/UBERON_0000956
E-GEOD-49050	hippocampus	http://purl.obolibrary.org/obo/UBERON_0002421
E-GEOD-50084	blood	http://purl.obolibrary.org/obo/UBERON_0000178
E-GEOD-50084	kidney	http://purl.obolibrary.org/obo/UBERON_0002113
E-GEOD-50241	retina	http://purl.obolibrary.org/obo/UBERON_0000966
E-GEOD-50241	Retina with retinal pigment epithelium
E-GEOD-50241	whole organism	http://purl.obolibrary.org/obo/UBERON_0000468
E-GEOD-50424	epididymal adipose	http://purl.obolibrary.org/obo/UBERON_0010412
E-GEOD-50424	liver	http://purl.obolibrary.org/obo/UBERON_0002107
E-GEOD-50640	deciduous periodontal ligament
E-GEOD-50640	permanent periodontal ligament	http://purl.obolibrary.org/obo/UBERON_0008266
E-GEOD-50777	microgametophyte vegetative cell	http://purl.obolibrary.org/obo/PO_0020099
E-GEOD-50777	plant egg cell	http://purl.obolibrary.org/obo/PO_0020094
E-GEOD-50777	pollen sperm cell	http://purl.obolibrary.org/obo/PO_0025121
E-GEOD-50950	cerebellum	http://purl.obolibrary.org/obo/UBERON_0002037
E-GEOD-50950	hippocampus	http://purl.obolibrary.org/obo/UBERON_0002421
E-GEOD-50950	subventicular zone of the lateral ventricle
E-GEOD-51047	ear flower meristem	http://purl.obolibrary.org/obo/PO_0009109
E-GEOD-51047	ear primordia 1 mm	http://purl.obolibrary.org/obo/PO_0025477
E-GEOD-51047	ear primordia 2 mm	http://purl.obolibrary.org/obo/PO_0025477
E-GEOD-51047	ear spikelet meristem	http://purl.obolibrary.org/obo/PO_0006378
E-GEOD-51047	ear spikelet pair meristem	http://purl.obolibrary.org/obo/PO_0006360
E-GEOD-51047	tassel primordia 1 to 2 mm
E-GEOD-51047	tassel primordia 3 to 4 mm
E-GEOD-51047	tassel primordia 5 to 7 mm
E-GEOD-51483	embryo	http://purl.obolibrary.org/obo/UBERON_0000922
E-GEOD-51483	heart tube	http://purl.obolibrary.org/obo/UBERON_0004141
E-GEOD-51483	left ventricle	http://purl.obolibrary.org/obo/UBERON_0002084
E-GEOD-51483	right ventricle	http://purl.obolibrary.org/obo/UBERON_0002080
E-GEOD-51615	colonic mucosa	http://purl.obolibrary.org/obo/UBERON_0000317
E-GEOD-51615	jejunal mucosa	http://purl.obolibrary.org/obo/UBERON_0000399
E-GEOD-51615	lung mucosa
E-GEOD-51650	sciatic nerve	http://purl.obolibrary.org/obo/UBERON_0001322
E-GEOD-51664	aorta	http://purl.obolibrary.org/obo/UBERON_0000947
E-GEOD-51664	ductus arteriosis	http://purl.obolibrary.org/obo/UBERON_0005440
E-GEOD-51786	kidney	http://purl.obolibrary.org/obo/UBERON_0002113
E-GEOD-51786	liver	http://purl.obolibrary.org/obo/UBERON_0002107
E-GEOD-51786	not specified
E-GEOD-52298	leaf	http://purl.obolibrary.org/obo/PO_0025034
E-GEOD-52298	whole organism	http://purl.obolibrary.org/obo/UBERON_0000468
E-GEOD-52879	seedling	http://purl.obolibrary.org/obo/PO_0007131
E-GEOD-52879	tassel primordia
E-GEOD-53105	femur diaphysis	http://purl.obolibrary.org/obo/UBERON_0006862
E-GEOD-53105	femur metaphysis	http://purl.obolibrary.org/obo/UBERON_0006865
E-GEOD-53197	aerial part	http://www.ebi.ac.uk/efo/EFO_0001901
E-GEOD-53197	floral bud	http://purl.obolibrary.org/obo/PO_0000056
E-GEOD-53197	root	http://purl.obolibrary.org/obo/PO_0009005
E-GEOD-53442	liver	http://purl.obolibrary.org/obo/UBERON_0002107
E-GEOD-53442	placenta	http://purl.obolibrary.org/obo/UBERON_0001987
E-GEOD-53960	adrenal gland	http://purl.obolibrary.org/obo/UBERON_0002369
E-GEOD-53960	brain	http://purl.obolibrary.org/obo/UBERON_0000955
E-GEOD-53960	gastrocnemius	http://purl.obolibrary.org/obo/UBERON_0001388
E-GEOD-53960	heart	http://purl.obolibrary.org/obo/UBERON_0000948
E-GEOD-53960	kidney	http://purl.obolibrary.org/obo/UBERON_0002113
E-GEOD-53960	liver	http://purl.obolibrary.org/obo/UBERON_0002107
E-GEOD-53960	lung	http://purl.obolibrary.org/obo/UBERON_0002048
E-GEOD-53960	spleen	http://purl.obolibrary.org/obo/UBERON_0002106
E-GEOD-53960	testis	http://purl.obolibrary.org/obo/UBERON_0000473
E-GEOD-53960	thymus	http://purl.obolibrary.org/obo/UBERON_0002370
E-GEOD-53960	uterus	http://purl.obolibrary.org/obo/UBERON_0000995
E-GEOD-55203	cerebellar microvascular fragments
E-GEOD-55203	cerebral microvascular fragments
E-GEOD-55966	caudal brain neural epithelium
E-GEOD-55966	central neural epithelium
E-GEOD-55966	dorsal control neural epithelium
E-GEOD-55966	epidermal ectoderm	http://purl.obolibrary.org/obo/UBERON_0005497
E-GEOD-55966	floor plate	http://purl.obolibrary.org/obo/UBERON_0003079
E-GEOD-55966	head mesenchyme	http://purl.obolibrary.org/obo/UBERON_0005253
E-GEOD-55966	lateral nasal prominence	http://purl.obolibrary.org/obo/UBERON_0004067
E-GEOD-55966	lateral prominence neural epithelium
E-GEOD-55966	mandibular arch
E-GEOD-55966	maxillary arch
E-GEOD-55966	medial nasal prominence	http://purl.obolibrary.org/obo/UBERON_0004068
E-GEOD-55966	mesoderm	http://purl.obolibrary.org/obo/UBERON_0000926
E-GEOD-55966	non-floor plate neural epithelium
E-GEOD-55966	olfactory pit	http://purl.obolibrary.org/obo/UBERON_0005870
E-GEOD-56135	oral hard palate epithelium	http://purl.obolibrary.org/obo/UBERON_0003368
E-GEOD-56135	tail skin epithelium
E-GEOD-5636	developing leaf insertions	http://purl.obolibrary.org/obo/PO_0025034
E-GEOD-5636	mature leaf	http://purl.obolibrary.org/obo/PO_0025034
E-GEOD-5637	developing leaf insertions	http://purl.obolibrary.org/obo/PO_0025034
E-GEOD-5637	mature leaf	http://purl.obolibrary.org/obo/PO_0025034
E-GEOD-5638	developing leaf insertions	http://purl.obolibrary.org/obo/PO_0025034
E-GEOD-5638	mature leaf	http://purl.obolibrary.org/obo/PO_0025034
E-GEOD-56643	brain	http://purl.obolibrary.org/obo/UBERON_0000955
E-GEOD-56643	heart	http://purl.obolibrary.org/obo/UBERON_0000948
E-GEOD-56643	kidney	http://purl.obolibrary.org/obo/UBERON_0002113
E-GEOD-56643	liver	http://purl.obolibrary.org/obo/UBERON_0002107
E-GEOD-56643	lung	http://purl.obolibrary.org/obo/UBERON_0002048
E-GEOD-56643	ovary	http://purl.obolibrary.org/obo/UBERON_0000992
E-GEOD-56643	white adipose tissue	http://purl.obolibrary.org/obo/UBERON_0001347
E-GEOD-56643	zone of skin	http://purl.obolibrary.org/obo/UBERON_0000014
E-GEOD-56690	bone marrow	http://purl.obolibrary.org/obo/UBERON_0002371
E-GEOD-56690	spleen	http://purl.obolibrary.org/obo/UBERON_0002106
E-GEOD-56787	muscle	http://purl.obolibrary.org/obo/UBERON_0002385
E-GEOD-56787	myoblast	http://purl.obolibrary.org/obo/CL_0000056
E-GEOD-56787	myotube	http://purl.obolibrary.org/obo/CL_0002372
E-GEOD-5751	endosperm	http://purl.obolibrary.org/obo/PO_0009089
E-GEOD-5751	plant embryo	http://purl.obolibrary.org/obo/PO_0009009
E-GEOD-57804	aorta	http://purl.obolibrary.org/obo/UBERON_0000947
E-GEOD-57804	liver	http://purl.obolibrary.org/obo/UBERON_0002107
E-GEOD-58368	aorta	http://purl.obolibrary.org/obo/UBERON_0000947
E-GEOD-58368	brain	http://purl.obolibrary.org/obo/UBERON_0000955
E-GEOD-58603	leaf	http://purl.obolibrary.org/obo/PO_0025034
E-GEOD-58603	root	http://purl.obolibrary.org/obo/PO_0009005
E-GEOD-59437	brain	http://purl.obolibrary.org/obo/UBERON_0000955
E-GEOD-59437	heart	http://purl.obolibrary.org/obo/UBERON_0000948
E-GEOD-59437	kidney	http://purl.obolibrary.org/obo/UBERON_0002113
E-GEOD-59437	vessel	http://purl.obolibrary.org/obo/UBERON_0000055
E-GEOD-60058	frontal nasal
E-GEOD-60058	maxilla	http://purl.obolibrary.org/obo/UBERON_0002397
E-GEOD-60888	lung	http://purl.obolibrary.org/obo/UBERON_0002048
E-GEOD-60888	skin	http://purl.obolibrary.org/obo/UBERON_0000014
E-GEOD-61057	aleurone layer	http://purl.obolibrary.org/obo/PO_0005360
E-GEOD-61057	central endosperm	http://purl.obolibrary.org/obo/PO_0006220
E-GEOD-61333	leaf primordia adaxial L1 blade
E-GEOD-61333	leaf primordia adaxial L1 ligule
E-GEOD-61333	leaf primordia adaxial L1 sheath
E-GEOD-61333	leaf primordia blade
E-GEOD-61333	leaf primordia ligule
E-GEOD-61333	leaf primordia sheath
E-GEOD-61333	leaf primordium	http://purl.obolibrary.org/obo/PO_0000017
E-GEOD-61545	inflorescence	http://purl.obolibrary.org/obo/PO_0009049
E-GEOD-61545	root	http://purl.obolibrary.org/obo/PO_0009005
E-GEOD-61545	shoot	http://purl.obolibrary.org/obo/PO_0009006
E-GEOD-61545	silique	http://purl.obolibrary.org/obo/PO_0009001
E-GEOD-61857	cotyledon	http://purl.obolibrary.org/obo/PO_0020030
E-GEOD-61857	leaf	http://purl.obolibrary.org/obo/PO_0025034
E-GEOD-6210	liver	http://purl.obolibrary.org/obo/UBERON_0002107
E-GEOD-6210	quadriceps femoris	http://purl.obolibrary.org/obo/UBERON_0001377
E-GEOD-63362	adipose tissue	http://purl.obolibrary.org/obo/UBERON_0001013
E-GEOD-63362	adrenal gland	http://purl.obolibrary.org/obo/UBERON_0002369
E-GEOD-63362	aorta	http://purl.obolibrary.org/obo/UBERON_0000947
E-GEOD-63362	bladder	http://purl.obolibrary.org/obo/UBERON_0001255
E-GEOD-63362	bone marrow	http://purl.obolibrary.org/obo/UBERON_0002371
E-GEOD-63362	brain	http://purl.obolibrary.org/obo/UBERON_0000955
E-GEOD-63362	caecum	http://purl.obolibrary.org/obo/UBERON_0001153
E-GEOD-63362	colon	http://purl.obolibrary.org/obo/UBERON_0001155
E-GEOD-63362	duodenum	http://purl.obolibrary.org/obo/UBERON_0002114
E-GEOD-63362	epididymis	http://purl.obolibrary.org/obo/UBERON_0001301
E-GEOD-63362	gastrocnemius muscle	http://purl.obolibrary.org/obo/UBERON_0001388
E-GEOD-63362	heart	http://purl.obolibrary.org/obo/UBERON_0000948
E-GEOD-63362	ileum	http://purl.obolibrary.org/obo/UBERON_0002116
E-GEOD-63362	jejunum	http://purl.obolibrary.org/obo/UBERON_0002115
E-GEOD-63362	kidney	http://purl.obolibrary.org/obo/UBERON_0002113
E-GEOD-63362	liver	http://purl.obolibrary.org/obo/UBERON_0002107
E-GEOD-63362	lung	http://purl.obolibrary.org/obo/UBERON_0002048
E-GEOD-63362	mandibular lymph node	http://purl.obolibrary.org/obo/UBERON_0015872
E-GEOD-63362	mesenteric lymph node	http://purl.obolibrary.org/obo/UBERON_0002509
E-GEOD-63362	ovary	http://purl.obolibrary.org/obo/UBERON_0000992
E-GEOD-63362	pancreas	http://purl.obolibrary.org/obo/UBERON_0001264
E-GEOD-63362	pituitary	http://purl.obolibrary.org/obo/UBERON_0000007
E-GEOD-63362	prostate	http://purl.obolibrary.org/obo/UBERON_0002367
E-GEOD-63362	skin	http://purl.obolibrary.org/obo/UBERON_0000014
E-GEOD-63362	soleus muscle	http://purl.obolibrary.org/obo/UBERON_0001389
E-GEOD-63362	spleen	http://purl.obolibrary.org/obo/UBERON_0002106
E-GEOD-63362	stomach	http://purl.obolibrary.org/obo/UBERON_0000945
E-GEOD-63362	testes	http://purl.obolibrary.org/obo/UBERON_0000473
E-GEOD-63362	thymus	http://purl.obolibrary.org/obo/UBERON_0002370
E-GEOD-63362	thyroid	http://purl.obolibrary.org/obo/UBERON_0002046
E-GEOD-63362	uterus	http://purl.obolibrary.org/obo/UBERON_0000995
E-GEOD-63813	heart	http://purl.obolibrary.org/obo/UBERON_0000948
E-GEOD-63813	tail bud	http://purl.obolibrary.org/obo/UBERON_0002533
E-GEOD-63813	whole organism	http://purl.obolibrary.org/obo/UBERON_0000468
E-GEOD-64779	lymph node	http://purl.obolibrary.org/obo/UBERON_0000029
E-GEOD-64779	spleen	http://purl.obolibrary.org/obo/UBERON_0002106
E-GEOD-64779	thymus	http://purl.obolibrary.org/obo/UBERON_0002370
E-GEOD-6527	cortex	http://purl.obolibrary.org/obo/UBERON_0000956
E-GEOD-6527	hippocampus	http://purl.obolibrary.org/obo/UBERON_0002421
E-GEOD-65775	brainstem	http://purl.obolibrary.org/obo/UBERON_0002298
E-GEOD-65775	brown adipose tissue	http://purl.obolibrary.org/obo/UBERON_0001348
E-GEOD-65775	cerebellum	http://purl.obolibrary.org/obo/UBERON_0002037
E-GEOD-65775	corpus callosum	http://purl.obolibrary.org/obo/UBERON_0002336
E-GEOD-65775	gastrocnemius	http://purl.obolibrary.org/obo/UBERON_0001388
E-GEOD-65775	heart	http://purl.obolibrary.org/obo/UBERON_0000948
E-GEOD-65775	hippocampus	http://purl.obolibrary.org/obo/UBERON_0002421
E-GEOD-65775	hypothalamus and thalamus	http://purl.obolibrary.org/obo/UBERON_0001897 http://purl.obolibrary.org/obo/UBERON_0001898
E-GEOD-65775	skin	http://purl.obolibrary.org/obo/UBERON_0000014
E-GEOD-65775	white adipose tissue around gonad
E-GEOD-65775	white adipose tissue around intestine
E-GEOD-67196	cerebellum	http://purl.obolibrary.org/obo/UBERON_0002037
E-GEOD-67196	frontal cortex	http://purl.obolibrary.org/obo/UBERON_0001870
E-GEOD-6825	root	http://purl.obolibrary.org/obo/PO_0009005
E-GEOD-6825	shoot	http://purl.obolibrary.org/obo/PO_0009006
E-GEOD-68921	heart	http://purl.obolibrary.org/obo/UBERON_0000948
E-GEOD-68921	left ventricle	http://purl.obolibrary.org/obo/UBERON_0002084
E-GEOD-69124	lateral prostate	http://purl.obolibrary.org/obo/UBERON_0002367
E-GEOD-69124	ventral prostate	http://purl.obolibrary.org/obo/UBERON_0002367
E-GEOD-70484	arcuate nucleus of hypothalamus	http://purl.obolibrary.org/obo/UBERON_0001932
E-GEOD-70484	dorsal raphe nucleus	http://purl.obolibrary.org/obo/UBERON_0002043
E-GEOD-70484	hypothalamus	http://purl.obolibrary.org/obo/UBERON_0001898
E-GEOD-70484	liver	http://purl.obolibrary.org/obo/UBERON_0002107
E-GEOD-70484	muscle tissue	http://purl.obolibrary.org/obo/UBERON_0002385
E-GEOD-70584	root endodermis	http://purl.obolibrary.org/obo/PO_0005059
E-GEOD-70584	root	http://purl.obolibrary.org/obo/PO_0009005
E-GEOD-71312	leaf	http://purl.obolibrary.org/obo/PO_0025034
E-GEOD-71312	root	http://purl.obolibrary.org/obo/PO_0009005
E-GEOD-7137	liver	http://purl.obolibrary.org/obo/UBERON_0002107
E-GEOD-7137	quadriceps skeletal muscle	http://purl.obolibrary.org/obo/UBERON_0001377
E-GEOD-72165	adrenal medulla	http://purl.obolibrary.org/obo/UBERON_0001236
E-GEOD-72165	carotid body	http://purl.obolibrary.org/obo/UBERON_0001629
E-GEOD-73175	bone tissue	http://purl.obolibrary.org/obo/UBERON_0002481
E-GEOD-73175	thymus	http://purl.obolibrary.org/obo/UBERON_0002370
E-GEOD-73175	zone of skin	http://purl.obolibrary.org/obo/UBERON_0000014
E-GEOD-74747	brain	http://purl.obolibrary.org/obo/UBERON_0000955
E-GEOD-74747	heart	http://purl.obolibrary.org/obo/UBERON_0000948
E-GEOD-74747	kidney	http://purl.obolibrary.org/obo/UBERON_0002113
E-GEOD-74747	liver	http://purl.obolibrary.org/obo/UBERON_0002107
E-GEOD-74747	lung	http://purl.obolibrary.org/obo/UBERON_0002048
E-GEOD-74747	spleen	http://purl.obolibrary.org/obo/UBERON_0002106
E-GEOD-74747	testis	http://purl.obolibrary.org/obo/UBERON_0000473
E-GEOD-74747	thymus	http://purl.obolibrary.org/obo/UBERON_0002370
E-GEOD-74747	zone of skin	http://purl.obolibrary.org/obo/UBERON_0000014
E-GEOD-7631	endodermis and pericycle	http://purl.obolibrary.org/obo/PO_0000252 http://purl.obolibrary.org/obo/PO_0006203
E-GEOD-7631	epidermis and cortex
E-GEOD-7631	lateral root cap	http://purl.obolibrary.org/obo/PO_0020131
E-GEOD-7631	pericycle	http://purl.obolibrary.org/obo/PO_0006203
E-GEOD-7631	protoplast	http://purl.obolibrary.org/obo/CL_0000371
E-GEOD-7631	stele	http://purl.obolibrary.org/obo/PO_0025197
E-GEOD-7631	whole root	http://purl.obolibrary.org/obo/PO_0009005
E-GEOD-77720	brain	http://purl.obolibrary.org/obo/UBERON_0000955
E-GEOD-77720	spinal cord	http://purl.obolibrary.org/obo/UBERON_0002240
E-GEOD-9996	root early differentiation region	http://purl.obolibrary.org/obo/PO_0020135
E-GEOD-9996	root meristematic region	http://purl.obolibrary.org/obo/PO_0006085
E-GEOD-9996	root promeristem and cap	http://purl.obolibrary.org/obo/PO_0020147
E-JJRD-1	dorsal root ganglion visceral sensory neurons
E-JJRD-1	nodose ganglion visceral sensory neurons
E-MEXP-106	uterus cervix	http://purl.obolibrary.org/obo/UBERON_0000002
E-MEXP-106	uterus fundus	http://www.ebi.ac.uk/efo/EFO_0005186
E-MEXP-106	uterus lower segment	http://purl.obolibrary.org/obo/UBERON_0000995
E-MEXP-1140	islet of Langerhans	http://purl.obolibrary.org/obo/UBERON_0000006
E-MEXP-1140	pancreas	http://purl.obolibrary.org/obo/UBERON_0001264
E-MEXP-1288	masseter muscle	http://purl.obolibrary.org/obo/UBERON_0001597
E-MEXP-1288	tibialis anterior	http://purl.obolibrary.org/obo/UBERON_0001385
E-MEXP-1430	anterior rostral migratory stream	http://purl.obolibrary.org/obo/UBERON_0008881
E-MEXP-1430	posterior rostral migratory stream	http://purl.obolibrary.org/obo/UBERON_0008881
E-MEXP-1504	kidney	http://purl.obolibrary.org/obo/UBERON_0002113
E-MEXP-1504	liver	http://purl.obolibrary.org/obo/UBERON_0002107
E-MEXP-1504	lung	http://purl.obolibrary.org/obo/UBERON_0002048
E-MEXP-1504	spleen	http://purl.obolibrary.org/obo/UBERON_0002106
E-MEXP-1636	mesenteric adipose tissue	http://purl.obolibrary.org/obo/UBERON_0001013
E-MEXP-1636	subcutaneous adipose tissue	http://purl.obolibrary.org/obo/UBERON_0002190
E-MEXP-1656	cerebral cortex	http://purl.obolibrary.org/obo/UBERON_0000956
E-MEXP-1656	hippocampus	http://purl.obolibrary.org/obo/UBERON_0002421
E-MEXP-1778	liver	http://purl.obolibrary.org/obo/UBERON_0002107
E-MEXP-1778	lymph node	http://purl.obolibrary.org/obo/UBERON_0000029
E-MEXP-1778	spleen	http://purl.obolibrary.org/obo/UBERON_0002106
E-MEXP-1921	capitellum	http://purl.obolibrary.org/obo/FBbt_00004784
E-MEXP-1921	neuronal	http://purl.obolibrary.org/obo/CL_0000540
E-MEXP-1921	pedicel
E-MEXP-1993	epididymal fat	http://purl.obolibrary.org/obo/UBERON_0010412
E-MEXP-1993	retroperitoneal fat	http://purl.obolibrary.org/obo/UBERON_0010411
E-MEXP-2311	internode	http://purl.obolibrary.org/obo/PO_0020142
E-MEXP-2311	internode pith parenchyma
E-MEXP-2320	liver	http://purl.obolibrary.org/obo/UBERON_0002107
E-MEXP-2320	muscle	http://purl.obolibrary.org/obo/UBERON_0002385
E-MEXP-2320	white adipose tissue	http://purl.obolibrary.org/obo/UBERON_0001347
E-MEXP-2912	Root Apical Meristem	http://purl.obolibrary.org/obo/PO_0020147
E-MEXP-2912	Root Decelerating Elongation Zone
E-MEXP-2912	Root Early Elongation Zone
E-MEXP-2912	Root Lateral Root Emergence Zone
E-MEXP-2912	Root Mature Zone
E-MEXP-3497	kidney	http://purl.obolibrary.org/obo/UBERON_0002113
E-MEXP-3497	lymph node	http://purl.obolibrary.org/obo/UBERON_0000029
E-MEXP-3582	blood	http://purl.obolibrary.org/obo/UBERON_0000178
E-MEXP-3582	palatine tonsil	http://purl.obolibrary.org/obo/UBERON_0002373
E-MEXP-3582	umbilical cord	http://purl.obolibrary.org/obo/UBERON_0002331
E-MEXP-3609	brain	http://purl.obolibrary.org/obo/UBERON_0000955
E-MEXP-3609	second antennal segment
E-MEXP-433	blood	http://purl.obolibrary.org/obo/UBERON_0000178
E-MEXP-433	bone marrow	http://purl.obolibrary.org/obo/UBERON_0002371
E-MEXP-495	bone	http://purl.obolibrary.org/obo/UBERON_0002481
E-MEXP-495	intestine	http://purl.obolibrary.org/obo/UBERON_0000160
E-MEXP-495	kidney	http://purl.obolibrary.org/obo/UBERON_0002113
E-MEXP-740	left vastus lateralis	http://purl.obolibrary.org/obo/UBERON_0001379
E-MEXP-740	right vastus lateralis	http://purl.obolibrary.org/obo/UBERON_0001379
E-MEXP-849	flower bud	http://purl.obolibrary.org/obo/PO_0000056
E-MEXP-849	seed	http://purl.obolibrary.org/obo/PO_0009010
E-MTAB-1009	etiolated seedling
E-MTAB-1009	undifferentiated tissue culture
E-MTAB-1075	bone marrow	http://purl.obolibrary.org/obo/UBERON_0002371
E-MTAB-1075	peripheral blood	http://purl.obolibrary.org/obo/UBERON_0000178
E-MTAB-1264	hypocotyl	http://purl.obolibrary.org/obo/PO_0020100
E-MTAB-1264	root	http://purl.obolibrary.org/obo/PO_0009005
E-MTAB-1264	shoot	http://purl.obolibrary.org/obo/PO_0009006
E-MTAB-1264	whole plant	http://purl.obolibrary.org/obo/UBERON_0000468
E-MTAB-1354	primary root elongation zone	http://purl.obolibrary.org/obo/PO_0025257
E-MTAB-1354	root meristem	http://purl.obolibrary.org/obo/PO_0006085
E-MTAB-1483	developing xylem	http://purl.obolibrary.org/obo/PO_0005352
E-MTAB-1483	elongation zone	http://purl.obolibrary.org/obo/PO_0025181
E-MTAB-2037	callus	http://purl.obolibrary.org/obo/PO_0005052
E-MTAB-2037	leaf	http://purl.obolibrary.org/obo/PO_0025034
E-MTAB-2037	post-flowering panicle	http://purl.obolibrary.org/obo/PO_0009049
E-MTAB-2037	pre-flowering panicle	http://purl.obolibrary.org/obo/PO_0009049
E-MTAB-2037	root	http://purl.obolibrary.org/obo/PO_0009005
E-MTAB-2037	seed	http://purl.obolibrary.org/obo/PO_0009010
E-MTAB-2037	shoot	http://purl.obolibrary.org/obo/PO_0009006
E-MTAB-2039	anther	http://purl.obolibrary.org/obo/PO_0009066
E-MTAB-2039	early inflorescence	http://purl.obolibrary.org/obo/PO_0009049
E-MTAB-2039	emerging inflorescence	http://purl.obolibrary.org/obo/PO_0009049
E-MTAB-2039	endosperm	http://purl.obolibrary.org/obo/PO_0009089
E-MTAB-2039	leaf	http://purl.obolibrary.org/obo/PO_0025034
E-MTAB-2039	pistil	http://purl.obolibrary.org/obo/PO_0009030
E-MTAB-2039	plant embryo	http://purl.obolibrary.org/obo/PO_0009009
E-MTAB-2039	seed 10 days after pollination	http://purl.obolibrary.org/obo/PO_0009010
E-MTAB-2039	seed 5 days after pollination	http://purl.obolibrary.org/obo/PO_0009010
E-MTAB-2137	aleurone layer and central endosperm	http://purl.obolibrary.org/obo/PO_0006220 http://purl.obolibrary.org/obo/PO_0005360
E-MTAB-2137	aleurone layer	http://purl.obolibrary.org/obo/PO_0005360
E-MTAB-2137	central endosperm	http://purl.obolibrary.org/obo/PO_0006220
E-MTAB-2137	endosperm	http://purl.obolibrary.org/obo/PO_0009089
E-MTAB-2137	transfer cell	http://purl.obolibrary.org/obo/PO_0000078
E-MTAB-2328	brain	http://purl.obolibrary.org/obo/UBERON_0000955
E-MTAB-2328	liver	http://purl.obolibrary.org/obo/UBERON_0002107
E-MTAB-2588	protonemata and young gametophore
E-MTAB-2588	protonemata	http://purl.obolibrary.org/obo/PO_0030003
E-MTAB-2596	adipose tissue	http://purl.obolibrary.org/obo/UBERON_0001013
E-MTAB-2596	duodenum	http://purl.obolibrary.org/obo/UBERON_0002114
E-MTAB-2596	hypothalamus	http://purl.obolibrary.org/obo/UBERON_0001898
E-MTAB-2596	kidney	http://purl.obolibrary.org/obo/UBERON_0002113
E-MTAB-2596	liver	http://purl.obolibrary.org/obo/UBERON_0002107
E-MTAB-2596	lung	http://purl.obolibrary.org/obo/UBERON_0002048
E-MTAB-2596	muscle tissue	http://purl.obolibrary.org/obo/UBERON_0002385
E-MTAB-2706	adrenal gland	http://purl.obolibrary.org/obo/UBERON_0002369
E-MTAB-2706	blood	http://purl.obolibrary.org/obo/UBERON_0000178
E-MTAB-2706	bone marrow	http://purl.obolibrary.org/obo/UBERON_0002371
E-MTAB-2706	bone tissue	http://purl.obolibrary.org/obo/UBERON_0002481
E-MTAB-2706	brain	http://purl.obolibrary.org/obo/UBERON_0000955
E-MTAB-2706	breast	http://purl.obolibrary.org/obo/UBERON_0000310
E-MTAB-2706	caecum	http://purl.obolibrary.org/obo/UBERON_0001153
E-MTAB-2706	cartilage tissue	http://purl.obolibrary.org/obo/UBERON_0002418
E-MTAB-2706	chordate pharynx	http://purl.obolibrary.org/obo/UBERON_0001042
E-MTAB-2706	colon	http://purl.obolibrary.org/obo/UBERON_0001155
E-MTAB-2706	esophagus	http://purl.obolibrary.org/obo/UBERON_0001043
E-MTAB-2706	ileum	http://purl.obolibrary.org/obo/UBERON_0002116
E-MTAB-2706	kidney	http://purl.obolibrary.org/obo/UBERON_0002113
E-MTAB-2706	liver	http://purl.obolibrary.org/obo/UBERON_0002107
E-MTAB-2706	lung	http://purl.obolibrary.org/obo/UBERON_0002048
E-MTAB-2706	lymph node	http://purl.obolibrary.org/obo/UBERON_0000029
E-MTAB-2706	nasal septum	http://purl.obolibrary.org/obo/UBERON_0001706
E-MTAB-2706	oral cavity	http://purl.obolibrary.org/obo/UBERON_0000167
E-MTAB-2706	ovary	http://purl.obolibrary.org/obo/UBERON_0000992
E-MTAB-2706	pancreas	http://purl.obolibrary.org/obo/UBERON_0001264
E-MTAB-2706	pleura	http://purl.obolibrary.org/obo/UBERON_0000977
E-MTAB-2706	prostate gland	http://purl.obolibrary.org/obo/UBERON_0002367
E-MTAB-2706	rectum	http://purl.obolibrary.org/obo/UBERON_0001052
E-MTAB-2706	skeletal muscle tissue	http://purl.obolibrary.org/obo/UBERON_0001134
E-MTAB-2706	stomach	http://purl.obolibrary.org/obo/UBERON_0000945
E-MTAB-2706	testis	http://purl.obolibrary.org/obo/UBERON_0000473
E-MTAB-2706	tongue	http://purl.obolibrary.org/obo/UBERON_0001723
E-MTAB-2706	urinary bladder	http://purl.obolibrary.org/obo/UBERON_0001255
E-MTAB-2706	uterine cervix	http://purl.obolibrary.org/obo/UBERON_0000002
E-MTAB-2706	uterus	http://purl.obolibrary.org/obo/UBERON_0000995
E-MTAB-2706	zone of skin	http://purl.obolibrary.org/obo/UBERON_0000014
E-MTAB-2751	heart	http://purl.obolibrary.org/obo/UBERON_0000948
E-MTAB-2751	lung	http://purl.obolibrary.org/obo/UBERON_0002048
E-MTAB-2797	brain	http://purl.obolibrary.org/obo/UBERON_0000955
E-MTAB-2797	colon	http://purl.obolibrary.org/obo/UBERON_0001155
E-MTAB-2797	heart	http://purl.obolibrary.org/obo/UBERON_0000948
E-MTAB-2797	kidney	http://purl.obolibrary.org/obo/UBERON_0002113
E-MTAB-2797	liver	http://purl.obolibrary.org/obo/UBERON_0002107
E-MTAB-2797	lung	http://purl.obolibrary.org/obo/UBERON_0002048
E-MTAB-2797	skeletal muscle tissue	http://purl.obolibrary.org/obo/UBERON_0001134
E-MTAB-2797	spleen	http://purl.obolibrary.org/obo/UBERON_0002106
E-MTAB-2797	testis	http://purl.obolibrary.org/obo/UBERON_0000473
E-MTAB-2798	brain	http://purl.obolibrary.org/obo/UBERON_0000955
E-MTAB-2798	colon	http://purl.obolibrary.org/obo/UBERON_0001155
E-MTAB-2798	heart	http://purl.obolibrary.org/obo/UBERON_0000948
E-MTAB-2798	kidney	http://purl.obolibrary.org/obo/UBERON_0002113
E-MTAB-2798	liver	http://purl.obolibrary.org/obo/UBERON_0002107
E-MTAB-2798	lung	http://purl.obolibrary.org/obo/UBERON_0002048
E-MTAB-2798	skeletal muscle tissue	http://purl.obolibrary.org/obo/UBERON_0001134
E-MTAB-2798	spleen	http://purl.obolibrary.org/obo/UBERON_0002106
E-MTAB-2798	testis	http://purl.obolibrary.org/obo/UBERON_0000473
E-MTAB-2799	brain	http://purl.obolibrary.org/obo/UBERON_0000955
E-MTAB-2799	colon	http://purl.obolibrary.org/obo/UBERON_0001155
E-MTAB-2799	heart	http://purl.obolibrary.org/obo/UBERON_0000948
E-MTAB-2799	kidney	http://purl.obolibrary.org/obo/UBERON_0002113
E-MTAB-2799	liver	http://purl.obolibrary.org/obo/UBERON_0002107
E-MTAB-2799	lung	http://purl.obolibrary.org/obo/UBERON_0002048
E-MTAB-2799	skeletal muscle tissue	http://purl.obolibrary.org/obo/UBERON_0001134
E-MTAB-2799	spleen	http://purl.obolibrary.org/obo/UBERON_0002106
E-MTAB-2799	testis	http://purl.obolibrary.org/obo/UBERON_0000473
E-MTAB-2800	brain	http://purl.obolibrary.org/obo/UBERON_0000955
E-MTAB-2800	colon	http://purl.obolibrary.org/obo/UBERON_0001155
E-MTAB-2800	heart	http://purl.obolibrary.org/obo/UBERON_0000948
E-MTAB-2800	kidney	http://purl.obolibrary.org/obo/UBERON_0002113
E-MTAB-2800	liver	http://purl.obolibrary.org/obo/UBERON_0002107
E-MTAB-2800	lung	http://purl.obolibrary.org/obo/UBERON_0002048
E-MTAB-2800	skeletal muscle tissue	http://purl.obolibrary.org/obo/UBERON_0001134
E-MTAB-2800	spleen	http://purl.obolibrary.org/obo/UBERON_0002106
E-MTAB-2800	testis	http://purl.obolibrary.org/obo/UBERON_0000473
E-MTAB-2801	brain	http://purl.obolibrary.org/obo/UBERON_0000955
E-MTAB-2801	colon	http://purl.obolibrary.org/obo/UBERON_0001155
E-MTAB-2801	heart	http://purl.obolibrary.org/obo/UBERON_0000948
E-MTAB-2801	kidney	http://purl.obolibrary.org/obo/UBERON_0002113
E-MTAB-2801	liver	http://purl.obolibrary.org/obo/UBERON_0002107
E-MTAB-2801	lung	http://purl.obolibrary.org/obo/UBERON_0002048
E-MTAB-2801	skeletal muscle tissue	http://purl.obolibrary.org/obo/UBERON_0001134
E-MTAB-2801	spleen	http://purl.obolibrary.org/obo/UBERON_0002106
E-MTAB-2801	testis	http://purl.obolibrary.org/obo/UBERON_0000473
E-MTAB-2809	caryopsis (15 dpa)	http://purl.obolibrary.org/obo/PO_0009001
E-MTAB-2809	caryopsis (5 dpa)	http://purl.obolibrary.org/obo/PO_0009001
E-MTAB-2809	germinating embryo	http://purl.obolibrary.org/obo/PO_0009009
E-MTAB-2809	inflorescence (1 cm)	http://purl.obolibrary.org/obo/PO_0009049
E-MTAB-2809	inflorescence (5 mm)	http://purl.obolibrary.org/obo/PO_0009049
E-MTAB-2809	internode	http://purl.obolibrary.org/obo/PO_0020142
E-MTAB-2809	root (seedling)	http://purl.obolibrary.org/obo/PO_0009005
E-MTAB-2809	shoot (seedling)	http://purl.obolibrary.org/obo/PO_0009006
E-MTAB-2812	gonad	http://purl.obolibrary.org/obo/UBERON_0000991
E-MTAB-2812	motor neuron	http://purl.obolibrary.org/obo/CL_0000100
E-MTAB-2812	neuron	http://purl.obolibrary.org/obo/CL_0000540
E-MTAB-2812	NSM	http://www.ebi.ac.uk/efo/EFO_0005495
E-MTAB-2812	organism	http://purl.obolibrary.org/obo/UBERON_0000468
E-MTAB-2812	pharyngeal muscle cell	http://www.ebi.ac.uk/efo/EFO_0005497
E-MTAB-2812	somatic cell	http://purl.obolibrary.org/obo/CL_0002371
E-MTAB-2836	adipose tissue	http://purl.obolibrary.org/obo/UBERON_0001013
E-MTAB-2836	adrenal gland	http://purl.obolibrary.org/obo/UBERON_0002369
E-MTAB-2836	bone marrow	http://purl.obolibrary.org/obo/UBERON_0002371
E-MTAB-2836	cerebral cortex	http://purl.obolibrary.org/obo/UBERON_0000956
E-MTAB-2836	colon	http://purl.obolibrary.org/obo/UBERON_0001155
E-MTAB-2836	duodenum	http://purl.obolibrary.org/obo/UBERON_0002114
E-MTAB-2836	endometrium	http://purl.obolibrary.org/obo/UBERON_0001295
E-MTAB-2836	esophagus	http://purl.obolibrary.org/obo/UBERON_0001043
E-MTAB-2836	fallopian tube	http://purl.obolibrary.org/obo/UBERON_0003889
E-MTAB-2836	gall bladder	http://purl.obolibrary.org/obo/UBERON_0002110
E-MTAB-2836	heart	http://purl.obolibrary.org/obo/UBERON_0000948
E-MTAB-2836	kidney	http://purl.obolibrary.org/obo/UBERON_0002113
E-MTAB-2836	liver	http://purl.obolibrary.org/obo/UBERON_0002107
E-MTAB-2836	lung	http://purl.obolibrary.org/obo/UBERON_0002048
E-MTAB-2836	lymph node	http://purl.obolibrary.org/obo/UBERON_0000029
E-MTAB-2836	ovary	http://purl.obolibrary.org/obo/UBERON_0000992
E-MTAB-2836	pancreas	http://purl.obolibrary.org/obo/UBERON_0001264
E-MTAB-2836	placenta	http://purl.obolibrary.org/obo/UBERON_0001987
E-MTAB-2836	prostate gland	http://purl.obolibrary.org/obo/UBERON_0002367
E-MTAB-2836	rectum	http://purl.obolibrary.org/obo/UBERON_0001052
E-MTAB-2836	saliva-secreting gland	http://purl.obolibrary.org/obo/UBERON_0001044
E-MTAB-2836	skeletal muscle tissue	http://purl.obolibrary.org/obo/UBERON_0001134
E-MTAB-2836	small intestine	http://purl.obolibrary.org/obo/UBERON_0002108
E-MTAB-2836	smooth muscle tissue	http://purl.obolibrary.org/obo/UBERON_0001135
E-MTAB-2836	spleen	http://purl.obolibrary.org/obo/UBERON_0002106
E-MTAB-2836	stomach	http://purl.obolibrary.org/obo/UBERON_0000945
E-MTAB-2836	testis	http://purl.obolibrary.org/obo/UBERON_0000473
E-MTAB-2836	thyroid gland	http://purl.obolibrary.org/obo/UBERON_0002046
E-MTAB-2836	tonsil	http://purl.obolibrary.org/obo/UBERON_0002372
E-MTAB-2836	urinary bladder	http://purl.obolibrary.org/obo/UBERON_0001255
E-MTAB-2836	vermiform appendix	http://purl.obolibrary.org/obo/UBERON_0001154
E-MTAB-2836	zone of skin	http://purl.obolibrary.org/obo/UBERON_0000014
E-MTAB-2848	bone marrow	http://purl.obolibrary.org/obo/UBERON_0002371
E-MTAB-2848	cerebellum	http://purl.obolibrary.org/obo/UBERON_0002037
E-MTAB-2848	colon	http://purl.obolibrary.org/obo/UBERON_0001155
E-MTAB-2848	frontal cortex	http://purl.obolibrary.org/obo/UBERON_0001870
E-MTAB-2848	heart	http://purl.obolibrary.org/obo/UBERON_0000948
E-MTAB-2848	kidney	http://purl.obolibrary.org/obo/UBERON_0002113
E-MTAB-2848	liver	http://purl.obolibrary.org/obo/UBERON_0002107
E-MTAB-2848	lung	http://purl.obolibrary.org/obo/UBERON_0002048
E-MTAB-2848	lymph node	http://purl.obolibrary.org/obo/UBERON_0000029
E-MTAB-2848	pituitary gland	http://purl.obolibrary.org/obo/UBERON_0000007
E-MTAB-2848	skeletal muscle tissue	http://purl.obolibrary.org/obo/UBERON_0001134
E-MTAB-2848	spleen	http://purl.obolibrary.org/obo/UBERON_0002106
E-MTAB-2848	temporal lobe	http://purl.obolibrary.org/obo/UBERON_0001871
E-MTAB-2848	thymus	http://purl.obolibrary.org/obo/UBERON_0002370
E-MTAB-2908	ileum	http://purl.obolibrary.org/obo/UBERON_0002116
E-MTAB-2908	lung	http://purl.obolibrary.org/obo/UBERON_0002048
E-MTAB-2909	ileum	http://purl.obolibrary.org/obo/UBERON_0002116
E-MTAB-2909	lung	http://purl.obolibrary.org/obo/UBERON_0002048
E-MTAB-2915	midgut	http://purl.obolibrary.org/obo/UBERON_0001045
E-MTAB-309	anterior limb	http://purl.obolibrary.org/obo/UBERON_0002102
E-MTAB-309	posterior limb	http://purl.obolibrary.org/obo/UBERON_0002102
E-MTAB-3103	endosperm	http://purl.obolibrary.org/obo/PO_0009089
E-MTAB-3103	inner pericarp	http://purl.obolibrary.org/obo/PO_0009084
E-MTAB-3103	outer pericarp	http://purl.obolibrary.org/obo/PO_0009084
E-MTAB-3201	peripheral blood	http://purl.obolibrary.org/obo/UBERON_0000178
E-MTAB-3201	synovial fluid	http://purl.obolibrary.org/obo/UBERON_0001090
E-MTAB-3358	amygdala	http://purl.obolibrary.org/obo/UBERON_0001876
E-MTAB-3358	artery	http://purl.obolibrary.org/obo/UBERON_0001637
E-MTAB-3358	bone marrow	http://purl.obolibrary.org/obo/UBERON_0002371
E-MTAB-3358	brain	http://purl.obolibrary.org/obo/UBERON_0000955
E-MTAB-3358	brain meninx	http://purl.obolibrary.org/obo/UBERON_0003547
E-MTAB-3358	breast	http://purl.obolibrary.org/obo/UBERON_0000310
E-MTAB-3358	caudate nucleus	http://purl.obolibrary.org/obo/UBERON_0001873
E-MTAB-3358	cerebellum	http://purl.obolibrary.org/obo/UBERON_0002037
E-MTAB-3358	colon	http://purl.obolibrary.org/obo/UBERON_0001155
E-MTAB-3358	diaphragm	http://purl.obolibrary.org/obo/UBERON_0001103
E-MTAB-3358	diencephalon	http://purl.obolibrary.org/obo/UBERON_0001894
E-MTAB-3358	dorsal thalamus	http://purl.obolibrary.org/obo/UBERON_0004703
E-MTAB-3358	duodenum	http://purl.obolibrary.org/obo/UBERON_0002114
E-MTAB-3358	dura mater	http://purl.obolibrary.org/obo/UBERON_0002363
E-MTAB-3358	epididymis	http://purl.obolibrary.org/obo/UBERON_0001301
E-MTAB-3358	eye	http://purl.obolibrary.org/obo/UBERON_0000970
E-MTAB-3358	gall bladder	http://purl.obolibrary.org/obo/UBERON_0002110
E-MTAB-3358	globus pallidus	http://purl.obolibrary.org/obo/UBERON_0001875
E-MTAB-3358	heart	http://purl.obolibrary.org/obo/UBERON_0000948
E-MTAB-3358	heart left ventricle	http://purl.obolibrary.org/obo/UBERON_0002084
E-MTAB-3358	hippocampal formation	http://purl.obolibrary.org/obo/UBERON_0002421
E-MTAB-3358	kidney	http://purl.obolibrary.org/obo/UBERON_0002113
E-MTAB-3358	left cardiac atrium	http://purl.obolibrary.org/obo/UBERON_0002079
E-MTAB-3358	locus ceruleus	http://purl.obolibrary.org/obo/UBERON_0002148
E-MTAB-3358	lung	http://purl.obolibrary.org/obo/UBERON_0002048
E-MTAB-3358	lymph node	http://purl.obolibrary.org/obo/UBERON_0000029
E-MTAB-3358	medulla oblongata	http://purl.obolibrary.org/obo/UBERON_0001896
E-MTAB-3358	middle frontal gyrus	http://purl.obolibrary.org/obo/UBERON_0002702
E-MTAB-3358	middle temporal gyrus	http://purl.obolibrary.org/obo/UBERON_0002771
E-MTAB-3358	mitral valve	http://purl.obolibrary.org/obo/UBERON_0002135
E-MTAB-3358	occipital cortex	http://purl.obolibrary.org/obo/UBERON_0016540
E-MTAB-3358	occipital lobe	http://purl.obolibrary.org/obo/UBERON_0002021
E-MTAB-3358	olfactory apparatus	http://purl.obolibrary.org/obo/UBERON_0000004
E-MTAB-3358	ovary	http://purl.obolibrary.org/obo/UBERON_0000992
E-MTAB-3358	pancreas	http://purl.obolibrary.org/obo/UBERON_0001264
E-MTAB-3358	parietal lobe	http://purl.obolibrary.org/obo/UBERON_0001872
E-MTAB-3358	parotid gland	http://purl.obolibrary.org/obo/UBERON_0001831
E-MTAB-3358	penis	http://purl.obolibrary.org/obo/UBERON_0000989
E-MTAB-3358	pineal body	http://purl.obolibrary.org/obo/UBERON_0001905
E-MTAB-3358	pituitary gland	http://purl.obolibrary.org/obo/UBERON_0000007
E-MTAB-3358	placenta	http://purl.obolibrary.org/obo/UBERON_0001987
E-MTAB-3358	prostate gland	http://purl.obolibrary.org/obo/UBERON_0002367
E-MTAB-3358	pulmonary valve	http://purl.obolibrary.org/obo/UBERON_0002146
E-MTAB-3358	putamen	http://purl.obolibrary.org/obo/UBERON_0001874
E-MTAB-3358	rectum	http://purl.obolibrary.org/obo/UBERON_0001052
E-MTAB-3358	seminal vesicle	http://purl.obolibrary.org/obo/UBERON_0000998
E-MTAB-3358	skeletal muscle tissue	http://purl.obolibrary.org/obo/UBERON_0001134
E-MTAB-3358	small intestine	http://purl.obolibrary.org/obo/UBERON_0002108
E-MTAB-3358	smooth muscle tissue	http://purl.obolibrary.org/obo/UBERON_0001135
E-MTAB-3358	spinal cord	http://purl.obolibrary.org/obo/UBERON_0002240
E-MTAB-3358	spleen	http://purl.obolibrary.org/obo/UBERON_0002106
E-MTAB-3358	stomach	http://purl.obolibrary.org/obo/UBERON_0000945
E-MTAB-3358	submandibular gland	http://purl.obolibrary.org/obo/UBERON_0001736
E-MTAB-3358	substantia nigra	http://purl.obolibrary.org/obo/UBERON_0002038
E-MTAB-3358	temporal lobe	http://purl.obolibrary.org/obo/UBERON_0001871
E-MTAB-3358	testis	http://purl.obolibrary.org/obo/UBERON_0000473
E-MTAB-3358	throat	http://purl.obolibrary.org/obo/UBERON_0000341
E-MTAB-3358	thyroid gland	http://purl.obolibrary.org/obo/UBERON_0002046
E-MTAB-3358	tongue	http://purl.obolibrary.org/obo/UBERON_0001723
E-MTAB-3358	trachea	http://purl.obolibrary.org/obo/UBERON_0003126
E-MTAB-3358	tricuspid valve	http://purl.obolibrary.org/obo/UBERON_0002134
E-MTAB-3358	umbilical cord	http://purl.obolibrary.org/obo/UBERON_0002331
E-MTAB-3358	uterine cervix	http://purl.obolibrary.org/obo/UBERON_0000002
E-MTAB-3358	uterus	http://purl.obolibrary.org/obo/UBERON_0000995
E-MTAB-3358	vagina	http://purl.obolibrary.org/obo/UBERON_0000996
E-MTAB-3358	vas deferens	http://purl.obolibrary.org/obo/UBERON_0001000
E-MTAB-3358	vermiform appendix	http://purl.obolibrary.org/obo/UBERON_0001154
E-MTAB-3358	zone of skin	http://purl.obolibrary.org/obo/UBERON_0000014
E-MTAB-3408	brain frontal lobe	http://purl.obolibrary.org/obo/UBERON_0016525
E-MTAB-3408	brain occipital lobe	http://purl.obolibrary.org/obo/UBERON_0002021
E-MTAB-3408	brain temporal lobe	http://purl.obolibrary.org/obo/UBERON_0001871
E-MTAB-3579	adrenal gland	http://purl.obolibrary.org/obo/UBERON_0002369
E-MTAB-3579	amnion	http://purl.obolibrary.org/obo/UBERON_0000305
E-MTAB-3579	aorta	http://purl.obolibrary.org/obo/UBERON_0000947
E-MTAB-3579	axillary lymph node	http://purl.obolibrary.org/obo/UBERON_0001097
E-MTAB-3579	bone (os femoris)	http://purl.obolibrary.org/obo/UBERON_0000981
E-MTAB-3579	caecum	http://purl.obolibrary.org/obo/UBERON_0001153
E-MTAB-3579	cerebellum	http://purl.obolibrary.org/obo/UBERON_0002037
E-MTAB-3579	cerebral cortex	http://purl.obolibrary.org/obo/UBERON_0000956
E-MTAB-3579	colon	http://purl.obolibrary.org/obo/UBERON_0001155
E-MTAB-3579	corpora quadrigemina	http://purl.obolibrary.org/obo/UBERON_0002259
E-MTAB-3579	corpus striatum	http://purl.obolibrary.org/obo/UBERON_0000369
E-MTAB-3579	diencephalon	http://purl.obolibrary.org/obo/UBERON_0001894
E-MTAB-3579	epididymis and seminiferous tubule
E-MTAB-3579	epididymis	http://purl.obolibrary.org/obo/UBERON_0001301
E-MTAB-3579	eyeball of camera-type eye	http://purl.obolibrary.org/obo/UBERON_0010230
E-MTAB-3579	forelimb	http://purl.obolibrary.org/obo/UBERON_0002102
E-MTAB-3579	gonad	http://purl.obolibrary.org/obo/UBERON_0000991
E-MTAB-3579	heart	http://purl.obolibrary.org/obo/UBERON_0000948
E-MTAB-3579	hippocampal formation	http://purl.obolibrary.org/obo/UBERON_0002421
E-MTAB-3579	intestinal mucosa	http://purl.obolibrary.org/obo/UBERON_0001242
E-MTAB-3579	intestine	http://purl.obolibrary.org/obo/UBERON_0000160
E-MTAB-3579	kidney	http://purl.obolibrary.org/obo/UBERON_0002113
E-MTAB-3579	liver	http://purl.obolibrary.org/obo/UBERON_0002107
E-MTAB-3579	lung	http://purl.obolibrary.org/obo/UBERON_0002048
E-MTAB-3579	mammary gland	http://purl.obolibrary.org/obo/UBERON_0001911
E-MTAB-3579	medulla oblongata	http://purl.obolibrary.org/obo/UBERON_0001896
E-MTAB-3579	muscle (biceps femoris)	http://purl.obolibrary.org/obo/UBERON_0001374
E-MTAB-3579	olfactory brain
E-MTAB-3579	ovary	http://purl.obolibrary.org/obo/UBERON_0000992
E-MTAB-3579	oviduct	http://purl.obolibrary.org/obo/UBERON_0000993
E-MTAB-3579	pancreas	http://purl.obolibrary.org/obo/UBERON_0001264
E-MTAB-3579	pituitary gland	http://purl.obolibrary.org/obo/UBERON_0000007
E-MTAB-3579	placenta	http://purl.obolibrary.org/obo/UBERON_0001987
E-MTAB-3579	prostate gland	http://purl.obolibrary.org/obo/UBERON_0002367
E-MTAB-3579	small intestine	http://purl.obolibrary.org/obo/UBERON_0002108
E-MTAB-3579	spinal cord	http://purl.obolibrary.org/obo/UBERON_0002240
E-MTAB-3579	spleen	http://purl.obolibrary.org/obo/UBERON_0002106
E-MTAB-3579	stomach	http://purl.obolibrary.org/obo/UBERON_0000945
E-MTAB-3579	submandibular gland	http://purl.obolibrary.org/obo/UBERON_0001736
E-MTAB-3579	testis	http://purl.obolibrary.org/obo/UBERON_0000473
E-MTAB-3579	thymus	http://purl.obolibrary.org/obo/UBERON_0002370
E-MTAB-3579	tongue	http://purl.obolibrary.org/obo/UBERON_0001723
E-MTAB-3579	urinary bladder	http://purl.obolibrary.org/obo/UBERON_0001255
E-MTAB-3579	uterus	http://purl.obolibrary.org/obo/UBERON_0000995
E-MTAB-3579	vagina	http://purl.obolibrary.org/obo/UBERON_0000996
E-MTAB-3579	vesicular gland	http://purl.obolibrary.org/obo/UBERON_0000998
E-MTAB-3579	whole body
E-MTAB-3579	whole organism	http://purl.obolibrary.org/obo/UBERON_0000468
E-MTAB-3579	zone of skin	http://purl.obolibrary.org/obo/UBERON_0000014
E-MTAB-3662	cardiac ventricle	http://purl.obolibrary.org/obo/UBERON_0002082
E-MTAB-3662	liver	http://purl.obolibrary.org/obo/UBERON_0002107
E-MTAB-3688	brain	http://purl.obolibrary.org/obo/UBERON_0000955
E-MTAB-3688	kidney	http://purl.obolibrary.org/obo/UBERON_0002113
E-MTAB-3716	cerebellum	http://purl.obolibrary.org/obo/UBERON_0002037
E-MTAB-3716	frontal lobe	http://purl.obolibrary.org/obo/UBERON_0016525
E-MTAB-3716	heart	http://purl.obolibrary.org/obo/UBERON_0000948
E-MTAB-3716	kidney	http://purl.obolibrary.org/obo/UBERON_0002113
E-MTAB-3716	liver	http://purl.obolibrary.org/obo/UBERON_0002107
E-MTAB-3716	prefrontal cortex	http://purl.obolibrary.org/obo/UBERON_0000451
E-MTAB-3716	temporal lobe	http://purl.obolibrary.org/obo/UBERON_0001871
E-MTAB-3716	testis	http://purl.obolibrary.org/obo/UBERON_0000473
E-MTAB-3717	brain	http://purl.obolibrary.org/obo/UBERON_0000955
E-MTAB-3717	cerebellum	http://purl.obolibrary.org/obo/UBERON_0002037
E-MTAB-3717	heart	http://purl.obolibrary.org/obo/UBERON_0000948
E-MTAB-3717	kidney	http://purl.obolibrary.org/obo/UBERON_0002113
E-MTAB-3717	liver	http://purl.obolibrary.org/obo/UBERON_0002107
E-MTAB-3717	prefrontal cortex	http://purl.obolibrary.org/obo/UBERON_0000451
E-MTAB-3717	testis	http://purl.obolibrary.org/obo/UBERON_0000473
E-MTAB-3718	brain	http://purl.obolibrary.org/obo/UBERON_0000955
E-MTAB-3718	cerebellum	http://purl.obolibrary.org/obo/UBERON_0002037
E-MTAB-3718	heart	http://purl.obolibrary.org/obo/UBERON_0000948
E-MTAB-3718	kidney	http://purl.obolibrary.org/obo/UBERON_0002113
E-MTAB-3718	liver	http://purl.obolibrary.org/obo/UBERON_0002107
E-MTAB-3718	testis	http://purl.obolibrary.org/obo/UBERON_0000473
E-MTAB-3719	brain	http://purl.obolibrary.org/obo/UBERON_0000955
E-MTAB-3719	cerebellum	http://purl.obolibrary.org/obo/UBERON_0002037
E-MTAB-3719	heart	http://purl.obolibrary.org/obo/UBERON_0000948
E-MTAB-3719	kidney	http://purl.obolibrary.org/obo/UBERON_0002113
E-MTAB-3719	liver	http://purl.obolibrary.org/obo/UBERON_0002107
E-MTAB-3719	testis	http://purl.obolibrary.org/obo/UBERON_0000473
E-MTAB-3724	brain	http://purl.obolibrary.org/obo/UBERON_0000955
E-MTAB-3724	heart	http://purl.obolibrary.org/obo/UBERON_0000948
E-MTAB-3724	kidney	http://purl.obolibrary.org/obo/UBERON_0002113
E-MTAB-3724	liver	http://purl.obolibrary.org/obo/UBERON_0002107
E-MTAB-3724	skeletal muscle tissue	http://purl.obolibrary.org/obo/UBERON_0001134
E-MTAB-3725	brain	http://purl.obolibrary.org/obo/UBERON_0000955
E-MTAB-3725	heart	http://purl.obolibrary.org/obo/UBERON_0000948
E-MTAB-3725	kidney	http://purl.obolibrary.org/obo/UBERON_0002113
E-MTAB-3725	liver	http://purl.obolibrary.org/obo/UBERON_0002107
E-MTAB-3725	skeletal muscle tissue	http://purl.obolibrary.org/obo/UBERON_0001134
E-MTAB-3726	brain	http://purl.obolibrary.org/obo/UBERON_0000955
E-MTAB-3726	heart	http://purl.obolibrary.org/obo/UBERON_0000948
E-MTAB-3726	kidney	http://purl.obolibrary.org/obo/UBERON_0002113
E-MTAB-3726	liver	http://purl.obolibrary.org/obo/UBERON_0002107
E-MTAB-3726	skeletal muscle tissue	http://purl.obolibrary.org/obo/UBERON_0001134
E-MTAB-3727	brain	http://purl.obolibrary.org/obo/UBERON_0000955
E-MTAB-3727	heart	http://purl.obolibrary.org/obo/UBERON_0000948
E-MTAB-3727	kidney	http://purl.obolibrary.org/obo/UBERON_0002113
E-MTAB-3727	skeletal muscle tissue	http://purl.obolibrary.org/obo/UBERON_0001134
E-MTAB-3826	ear	http://purl.obolibrary.org/obo/UBERON_0001690
E-MTAB-3826	embryo	http://purl.obolibrary.org/obo/UBERON_0000922
E-MTAB-3826	endosperm	http://purl.obolibrary.org/obo/PO_0009089
E-MTAB-3826	pollen	http://purl.obolibrary.org/obo/PO_0025281
E-MTAB-3826	root	http://purl.obolibrary.org/obo/PO_0009005
E-MTAB-3826	tassel	http://purl.obolibrary.org/obo/PO_0020126
E-MTAB-3838	abomasum	http://purl.obolibrary.org/obo/UBERON_0007358
E-MTAB-3838	adrenal gland	http://purl.obolibrary.org/obo/UBERON_0002369
E-MTAB-3838	alveolar macrophage	http://purl.obolibrary.org/obo/CL_0000235
E-MTAB-3838	biceps
E-MTAB-3838	brainstem	http://purl.obolibrary.org/obo/UBERON_0002298
E-MTAB-3838	caecum	http://purl.obolibrary.org/obo/UBERON_0001153
E-MTAB-3838	cardiac ventricle	http://purl.obolibrary.org/obo/UBERON_0002082
E-MTAB-3838	cerebellum	http://purl.obolibrary.org/obo/UBERON_0002037
E-MTAB-3838	colon	http://purl.obolibrary.org/obo/UBERON_0001155
E-MTAB-3838	corpus luteum	http://purl.obolibrary.org/obo/UBERON_0002512
E-MTAB-3838	cortex of kidney	http://purl.obolibrary.org/obo/UBERON_0001225
E-MTAB-3838	duodenum	http://purl.obolibrary.org/obo/UBERON_0002114
E-MTAB-3838	epididymis	http://purl.obolibrary.org/obo/UBERON_0001301
E-MTAB-3838	hypothalamus	http://purl.obolibrary.org/obo/UBERON_0001898
E-MTAB-3838	inner lining mucosa of the abomasum	http://purl.obolibrary.org/obo/UBERON_0010154
E-MTAB-3838	liver	http://purl.obolibrary.org/obo/UBERON_0002107
E-MTAB-3838	longissimus thoracis muscle	http://purl.obolibrary.org/obo/UBERON_0001401
E-MTAB-3838	lung	http://purl.obolibrary.org/obo/UBERON_0002048
E-MTAB-3838	mammary gland	http://purl.obolibrary.org/obo/UBERON_0001911
E-MTAB-3838	mesenteric lymph node	http://purl.obolibrary.org/obo/UBERON_0002509
E-MTAB-3838	muscle biceps
E-MTAB-3838	muscle long dorsal
E-MTAB-3838	omentum	http://purl.obolibrary.org/obo/UBERON_0003688
E-MTAB-3838	ovarian follicle	http://purl.obolibrary.org/obo/UBERON_0001305
E-MTAB-3838	ovary	http://purl.obolibrary.org/obo/UBERON_0000992
E-MTAB-3838	Peyer's patch	http://purl.obolibrary.org/obo/UBERON_0001211
E-MTAB-3838	pituitary gland	http://purl.obolibrary.org/obo/UBERON_0000007
E-MTAB-3838	placenta (including membranes)	http://purl.obolibrary.org/obo/UBERON_0001987
E-MTAB-3838	prescapular lymph node	http://purl.obolibrary.org/obo/UBERON_0016382
E-MTAB-3838	rectum	http://purl.obolibrary.org/obo/UBERON_0001052
E-MTAB-3838	renal medulla	http://purl.obolibrary.org/obo/UBERON_0000362
E-MTAB-3838	rumen	http://purl.obolibrary.org/obo/UBERON_0007365
E-MTAB-3838	skin from side
E-MTAB-3838	skin of back	http://purl.obolibrary.org/obo/UBERON_0001068
E-MTAB-3838	spleen	http://purl.obolibrary.org/obo/UBERON_0002106
E-MTAB-3838	telencephalon	http://purl.obolibrary.org/obo/UBERON_0001893
E-MTAB-3838	testis	http://purl.obolibrary.org/obo/UBERON_0000473
E-MTAB-3838	thyroid gland	http://purl.obolibrary.org/obo/UBERON_0002046
E-MTAB-3838	tonsil	http://purl.obolibrary.org/obo/UBERON_0002372
E-MTAB-3838	uterine cervix	http://purl.obolibrary.org/obo/UBERON_0000002
E-MTAB-3838	uterus	http://purl.obolibrary.org/obo/UBERON_0000995
E-MTAB-3838	ventricle	http://purl.obolibrary.org/obo/UBERON_0002082
E-MTAB-3838	whole embryo
E-MTAB-3839	floral meristem	http://purl.obolibrary.org/obo/PO_0000229
E-MTAB-3839	flower	http://purl.obolibrary.org/obo/PO_0009046
E-MTAB-3839	plant embryo	http://purl.obolibrary.org/obo/PO_0009009
E-MTAB-3839	root	http://purl.obolibrary.org/obo/PO_0009005
E-MTAB-3839	shoot	http://purl.obolibrary.org/obo/PO_0009006
E-MTAB-3839	vegetative meristem
E-MTAB-3871	adrenal gland	http://purl.obolibrary.org/obo/UBERON_0002369
E-MTAB-3871	cortex of kidney	http://purl.obolibrary.org/obo/UBERON_0001225
E-MTAB-3871	heart	http://purl.obolibrary.org/obo/UBERON_0000948
E-MTAB-3871	kidney	http://purl.obolibrary.org/obo/UBERON_0002113
E-MTAB-3871	large intestine	http://purl.obolibrary.org/obo/UBERON_0000059
E-MTAB-3871	left kidney	http://purl.obolibrary.org/obo/UBERON_0004538
E-MTAB-3871	left renal cortex	http://purl.obolibrary.org/obo/UBERON_0001225
E-MTAB-3871	left renal pelvis	http://purl.obolibrary.org/obo/UBERON_0018115
E-MTAB-3871	muscle of arm	http://purl.obolibrary.org/obo/UBERON_0001499
E-MTAB-3871	muscle of leg	http://purl.obolibrary.org/obo/UBERON_0001383
E-MTAB-3871	placenta	http://purl.obolibrary.org/obo/UBERON_0001987
E-MTAB-3871	renal pelvis	http://purl.obolibrary.org/obo/UBERON_0001224
E-MTAB-3871	right renal cortex	http://purl.obolibrary.org/obo/UBERON_0001225
E-MTAB-3871	right renal pelvis	http://purl.obolibrary.org/obo/UBERON_0018116
E-MTAB-3871	skeletal muscle of trunk	http://purl.obolibrary.org/obo/UBERON_0001774
E-MTAB-3871	small intestine	http://purl.obolibrary.org/obo/UBERON_0002108
E-MTAB-3871	spinal cord	http://purl.obolibrary.org/obo/UBERON_0002240
E-MTAB-3871	stomach	http://purl.obolibrary.org/obo/UBERON_0000945
E-MTAB-3871	thymus	http://purl.obolibrary.org/obo/UBERON_0002370
E-MTAB-3983	adrenal gland	http://purl.obolibrary.org/obo/UBERON_0002369
E-MTAB-3983	animal ovary
E-MTAB-3983	bile duct	http://purl.obolibrary.org/obo/UBERON_0002394
E-MTAB-3983	bone	http://purl.obolibrary.org/obo/UBERON_0002481
E-MTAB-3983	brain	http://purl.obolibrary.org/obo/UBERON_0000955
E-MTAB-3983	breast	http://purl.obolibrary.org/obo/UBERON_0000310
E-MTAB-3983	connective tissue	http://purl.obolibrary.org/obo/UBERON_0002384
E-MTAB-3983	esophagus	http://purl.obolibrary.org/obo/UBERON_0001043
E-MTAB-3983	gallbladder	http://purl.obolibrary.org/obo/UBERON_0002110
E-MTAB-3983	hematopoietic system	http://purl.obolibrary.org/obo/UBERON_0002390
E-MTAB-3983	kidney	http://purl.obolibrary.org/obo/UBERON_0002113
E-MTAB-3983	large intestine	http://purl.obolibrary.org/obo/UBERON_0000059
E-MTAB-3983	liver	http://purl.obolibrary.org/obo/UBERON_0002107
E-MTAB-3983	lung	http://purl.obolibrary.org/obo/UBERON_0002048
E-MTAB-3983	mucosa	http://purl.obolibrary.org/obo/UBERON_0000344
E-MTAB-3983	musculature	http://purl.obolibrary.org/obo/UBERON_0001015
E-MTAB-3983	pancreas	http://purl.obolibrary.org/obo/UBERON_0001264
E-MTAB-3983	peripheral nervous system	http://purl.obolibrary.org/obo/UBERON_0000010
E-MTAB-3983	placenta	http://purl.obolibrary.org/obo/UBERON_0001987
E-MTAB-3983	prostate gland	http://purl.obolibrary.org/obo/UBERON_0002367
E-MTAB-3983	skin	http://purl.obolibrary.org/obo/UBERON_0000014
E-MTAB-3983	stomach	http://purl.obolibrary.org/obo/UBERON_0000945
E-MTAB-3983	testis	http://purl.obolibrary.org/obo/UBERON_0000473
E-MTAB-3983	thyroid gland	http://purl.obolibrary.org/obo/UBERON_0002046
E-MTAB-3983	urinary bladder	http://purl.obolibrary.org/obo/UBERON_0001255
E-MTAB-3983	uterine cervix	http://purl.obolibrary.org/obo/UBERON_0000002
E-MTAB-3983	uterus	http://purl.obolibrary.org/obo/UBERON_0000995
E-MTAB-3983	vulva	http://purl.obolibrary.org/obo/UBERON_0000997
E-MTAB-4034	bone marrow	http://purl.obolibrary.org/obo/UBERON_0002371
E-MTAB-4034	liver	http://purl.obolibrary.org/obo/UBERON_0002107
E-MTAB-4035	adipose tissue	http://purl.obolibrary.org/obo/UBERON_0001013
E-MTAB-4035	kidney	http://purl.obolibrary.org/obo/UBERON_0002113
E-MTAB-4035	liver	http://purl.obolibrary.org/obo/UBERON_0002107
E-MTAB-4035	lung	http://purl.obolibrary.org/obo/UBERON_0002048
E-MTAB-4035	musculature	http://purl.obolibrary.org/obo/UBERON_0001015
E-MTAB-4035	spleen	http://purl.obolibrary.org/obo/UBERON_0002106
E-MTAB-4045	axis epidermis	http://purl.obolibrary.org/obo/PO_0000112
E-MTAB-4045	axis parenchyma	http://purl.obolibrary.org/obo/PO_0005421
E-MTAB-4045	axis plumule	http://purl.obolibrary.org/obo/PO_0020032
E-MTAB-4045	axis shoot apical meristem	http://purl.obolibrary.org/obo/PO_0020148
E-MTAB-4045	axis stele	http://purl.obolibrary.org/obo/PO_0025198
E-MTAB-4045	axis vasculature	http://purl.obolibrary.org/obo/PO_0000034
E-MTAB-4045	cotyledon abaxial epidermis	http://purl.obolibrary.org/obo/PO_0006057
E-MTAB-4045	cotyledon abaxial parenchyma	http://purl.obolibrary.org/obo/PO_0006057
E-MTAB-4045	cotyledon adaxial epidermis	http://purl.obolibrary.org/obo/PO_0006058
E-MTAB-4045	cotyledon adaxial parenchyma	http://purl.obolibrary.org/obo/PO_0006058
E-MTAB-4045	cotyledon vasculature
E-MTAB-4045	embryo proper axis
E-MTAB-4045	embryo proper cotyledon
E-MTAB-4045	embryo proper	http://purl.obolibrary.org/obo/PO_0000001
E-MTAB-4045	endosperm	http://purl.obolibrary.org/obo/PO_0009089
E-MTAB-4045	hilum	http://purl.obolibrary.org/obo/PO_0020063
E-MTAB-4045	inner integument	http://purl.obolibrary.org/obo/PO_0020022
E-MTAB-4045	outer integument	http://purl.obolibrary.org/obo/PO_0020023
E-MTAB-4045	root tip	http://purl.obolibrary.org/obo/PO_0000025
E-MTAB-4045	seed coat endothelium
E-MTAB-4045	seed coat epidermis	http://purl.obolibrary.org/obo/PO_0006048
E-MTAB-4045	seed coat hourglass
E-MTAB-4045	seed coat palisade
E-MTAB-4045	seed coat parenchyma
E-MTAB-4045	suspensor	http://purl.obolibrary.org/obo/PO_0020108
E-MTAB-4114	leaf	http://purl.obolibrary.org/obo/PO_0025034
E-MTAB-4114	shoot apex	http://purl.obolibrary.org/obo/PO_0000037
E-MTAB-4123	anther	http://purl.obolibrary.org/obo/PO_0009066
E-MTAB-4123	carpel	http://purl.obolibrary.org/obo/PO_0009030
E-MTAB-4123	seed	http://purl.obolibrary.org/obo/PO_0009010
E-MTAB-4123	shoot	http://purl.obolibrary.org/obo/PO_0009006
E-MTAB-4128	embryo sac	http://purl.obolibrary.org/obo/PO_0025074
E-MTAB-4128	plant ovule	http://purl.obolibrary.org/obo/PO_0020003
E-MTAB-4128	pollen	http://purl.obolibrary.org/obo/PO_0025281
E-MTAB-4128	shoot	http://purl.obolibrary.org/obo/PO_0009006
E-MTAB-4245	root	http://purl.obolibrary.org/obo/PO_0009005
E-MTAB-4245	shoot	http://purl.obolibrary.org/obo/PO_0009006
E-MTAB-4251	petiole	http://purl.obolibrary.org/obo/PO_0020038
E-MTAB-4251	phloem associated tissue in petiole
E-MTAB-4251	phloem associated tissue in stem
E-MTAB-4260	endosperm and seed coat	http://purl.obolibrary.org/obo/PO_0009089 http://purl.obolibrary.org/obo/PO_0009088
E-MTAB-4260	pericarp	http://purl.obolibrary.org/obo/PO_0009084
E-MTAB-4270	cotyledon	http://purl.obolibrary.org/obo/PO_0020030
E-MTAB-4270	flower	http://purl.obolibrary.org/obo/PO_0009046
E-MTAB-4270	leafbud
E-MTAB-4270	leaf	http://purl.obolibrary.org/obo/PO_0025034
E-MTAB-4270	pod
E-MTAB-4270	pod and seed
E-MTAB-4270	root	http://purl.obolibrary.org/obo/PO_0009005
E-MTAB-4270	seed	http://purl.obolibrary.org/obo/PO_0009010
E-MTAB-4270	shoot meristem	http://purl.obolibrary.org/obo/PO_0006079
E-MTAB-4270	stem	http://purl.obolibrary.org/obo/PO_0009047
E-MTAB-4273	seed	http://purl.obolibrary.org/obo/PO_0009010
E-MTAB-4273	spikelet	http://purl.obolibrary.org/obo/PO_0009051
E-MTAB-4273	stem	http://purl.obolibrary.org/obo/PO_0009047
E-MTAB-4297	cortex of primary root	http://purl.obolibrary.org/obo/PO_0000258
E-MTAB-4297	elongation zone of primary root	http://purl.obolibrary.org/obo/PO_0025257
E-MTAB-4297	meristematic zone of primary root	http://purl.obolibrary.org/obo/PO_0006081
E-MTAB-4297	stele of primary root
E-MTAB-4298	root	http://purl.obolibrary.org/obo/PO_0009005
E-MTAB-4298	shoot	http://purl.obolibrary.org/obo/PO_0009006
E-MTAB-4306	root	http://purl.obolibrary.org/obo/PO_0009005
E-MTAB-4306	shoot	http://purl.obolibrary.org/obo/PO_0009006
E-MTAB-4342	3-7.1
E-MTAB-4342	3-7.13
E-MTAB-4342	above ground node 6 of brace root
E-MTAB-4342	anthers	http://purl.obolibrary.org/obo/PO_0009066
E-MTAB-4342	bottom of transition leaf
E-MTAB-4342	coleoptile	http://purl.obolibrary.org/obo/PO_0020033
E-MTAB-4342	cortical parenchyma of root	http://purl.obolibrary.org/obo/PO_0025095
E-MTAB-4342	differentiation zone of primary root	http://purl.obolibrary.org/obo/PO_0003015
E-MTAB-4342	eighth leaf	http://purl.obolibrary.org/obo/PO_0025034
E-MTAB-4342	eleventh leaf	http://purl.obolibrary.org/obo/PO_0025034
E-MTAB-4342	endosperm	http://purl.obolibrary.org/obo/PO_0009089
E-MTAB-4342	first elongated internode	http://purl.obolibrary.org/obo/PO_0020142
E-MTAB-4342	fourth elongated internode	http://purl.obolibrary.org/obo/PO_0020142
E-MTAB-4342	immature cob
E-MTAB-4342	immature leaves	http://purl.obolibrary.org/obo/PO_0025034
E-MTAB-4342	immature tassel	http://purl.obolibrary.org/obo/PO_0020126
E-MTAB-4342	internode	http://purl.obolibrary.org/obo/PO_0020142
E-MTAB-4342	leaf	http://purl.obolibrary.org/obo/PO_0025034
E-MTAB-4342	meiotic tassel
E-MTAB-4342	meristematic zone and elongation zone	http://purl.obolibrary.org/obo/PO_0006085 http://purl.obolibrary.org/obo/PO_0025181
E-MTAB-4342	node 4 of crown root	http://purl.obolibrary.org/obo/PO_0000043
E-MTAB-4342	node 5 of crown root	http://purl.obolibrary.org/obo/PO_0000043
E-MTAB-4342	nodes 1 to 3 of crown root	http://purl.obolibrary.org/obo/PO_0000043
E-MTAB-4342	pericarp	http://purl.obolibrary.org/obo/PO_0009084
E-MTAB-4342	plant embryo	http://purl.obolibrary.org/obo/PO_0009009
E-MTAB-4342	pre-pollination cob
E-MTAB-4342	primary root	http://purl.obolibrary.org/obo/PO_0020127
E-MTAB-4342	root	http://purl.obolibrary.org/obo/PO_0009005
E-MTAB-4342	seed	http://purl.obolibrary.org/obo/PO_0009010
E-MTAB-4342	seminal root	http://purl.obolibrary.org/obo/PO_0000046
E-MTAB-4342	shoot apical meristem	http://purl.obolibrary.org/obo/PO_0020148
E-MTAB-4342	shoot tip	http://purl.obolibrary.org/obo/PO_0000037
E-MTAB-4342	silks
E-MTAB-4342	stele	http://purl.obolibrary.org/obo/PO_0025197
E-MTAB-4342	stem and shoot apical meristem	http://purl.obolibrary.org/obo/PO_0020148 http://purl.obolibrary.org/obo/PO_0009047
E-MTAB-4342	taproot zone 1	http://purl.obolibrary.org/obo/PO_0020127
E-MTAB-4342	taproot zone 2	http://purl.obolibrary.org/obo/PO_0020127
E-MTAB-4342	taproot zone 3	http://purl.obolibrary.org/obo/PO_0020127
E-MTAB-4342	taproot zone 4	http://purl.obolibrary.org/obo/PO_0020127
E-MTAB-4342	tc_control_#9
E-MTAB-4342	thirteenth leaf
E-MTAB-4342	tip of leaf
E-MTAB-4342	tip of transition leaf
E-MTAB-4342	topmost leaf
E-MTAB-4344	adipose tissue	http://purl.obolibrary.org/obo/UBERON_0001013
E-MTAB-4344	adrenal gland	http://purl.obolibrary.org/obo/UBERON_0002369
E-MTAB-4344	brain	http://purl.obolibrary.org/obo/UBERON_0000955
E-MTAB-4344	heart	http://purl.obolibrary.org/obo/UBERON_0000948
E-MTAB-4344	kidney	http://purl.obolibrary.org/obo/UBERON_0002113
E-MTAB-4344	liver	http://purl.obolibrary.org/obo/UBERON_0002107
E-MTAB-4344	lung	http://purl.obolibrary.org/obo/UBERON_0002048
E-MTAB-4344	ovary	http://purl.obolibrary.org/obo/UBERON_0000992
E-MTAB-4344	pancreas	http://purl.obolibrary.org/obo/UBERON_0001264
E-MTAB-4344	sigmoid colon	http://purl.obolibrary.org/obo/UBERON_0001159
E-MTAB-4344	small intestine	http://purl.obolibrary.org/obo/UBERON_0002108
E-MTAB-4344	spleen	http://purl.obolibrary.org/obo/UBERON_0002106
E-MTAB-4344	testis	http://purl.obolibrary.org/obo/UBERON_0000473
E-MTAB-4346	gametophore bud	http://purl.obolibrary.org/obo/PO_0030026
E-MTAB-4346	protonema meristematic apical cell	http://purl.obolibrary.org/obo/PO_0030046
E-MTAB-4395	endosperm	http://purl.obolibrary.org/obo/PO_0009089
E-MTAB-4395	plant embryo	http://purl.obolibrary.org/obo/PO_0009009
E-MTAB-4395	seed	http://purl.obolibrary.org/obo/PO_0009010
E-MTAB-4400	anther	http://purl.obolibrary.org/obo/PO_0009066
E-MTAB-4400	early inflorescence	http://purl.obolibrary.org/obo/PO_0009049
E-MTAB-4400	emerging inflorescence	http://purl.obolibrary.org/obo/PO_0009049
E-MTAB-4400	endosperm	http://purl.obolibrary.org/obo/PO_0009089
E-MTAB-4400	leaf	http://purl.obolibrary.org/obo/PO_0025034
E-MTAB-4400	pistil	http://purl.obolibrary.org/obo/PO_0009030
E-MTAB-4400	plant embryo	http://purl.obolibrary.org/obo/PO_0009009
E-MTAB-4400	seed 10 days after pollination	http://purl.obolibrary.org/obo/PO_0009010
E-MTAB-4400	seed 5 days after pollination	http://purl.obolibrary.org/obo/PO_0009010
E-MTAB-4401	anther	http://purl.obolibrary.org/obo/PO_0009066
E-MTAB-4401	early inflorescence	http://purl.obolibrary.org/obo/PO_0009049
E-MTAB-4401	emerging inflorescence	http://purl.obolibrary.org/obo/PO_0009049
E-MTAB-4401	endosperm	http://purl.obolibrary.org/obo/PO_0009089
E-MTAB-4401	leaf	http://purl.obolibrary.org/obo/PO_0025034
E-MTAB-4401	pistil	http://purl.obolibrary.org/obo/PO_0009030
E-MTAB-4401	plant embryo	http://purl.obolibrary.org/obo/PO_0009009
E-MTAB-4401	seed 10 days after pollination	http://purl.obolibrary.org/obo/PO_0009010
E-MTAB-4401	seed 5 days after pollination	http://purl.obolibrary.org/obo/PO_0009010
E-MTAB-4404	adrenal gland	http://purl.obolibrary.org/obo/UBERON_0002369
E-MTAB-4404	blood	http://purl.obolibrary.org/obo/UBERON_0000178
E-MTAB-4404	caudate nucleus	http://purl.obolibrary.org/obo/UBERON_0001873
E-MTAB-4404	fibroblast	http://purl.obolibrary.org/obo/CL_0000057
E-MTAB-4404	hippocampal formation	http://purl.obolibrary.org/obo/UBERON_0002421
E-MTAB-4404	pituitary gland	http://purl.obolibrary.org/obo/UBERON_0000007
E-MTAB-4484	fruit	http://purl.obolibrary.org/obo/PO_0009001
E-MTAB-4484	inflorescence	http://purl.obolibrary.org/obo/PO_0009049
E-MTAB-4484	leaf	http://purl.obolibrary.org/obo/PO_0025034
E-MTAB-4484	root	http://purl.obolibrary.org/obo/PO_0009005
E-MTAB-4484	stem	http://purl.obolibrary.org/obo/PO_0009047
E-MTAB-4542	heart	http://purl.obolibrary.org/obo/UBERON_0000948
E-MTAB-4542	kidney	http://purl.obolibrary.org/obo/UBERON_0002113
E-MTAB-4559	leaf	http://purl.obolibrary.org/obo/PO_0025034
E-MTAB-4559	pollen tube	http://www.ebi.ac.uk/efo/EFO_0001004
E-MTAB-4559	root	http://purl.obolibrary.org/obo/PO_0009005
E-MTAB-4559	seed	http://purl.obolibrary.org/obo/PO_0009010
E-MTAB-4559	silk
E-MTAB-4644	brain	http://purl.obolibrary.org/obo/UBERON_0000955
E-MTAB-4644	heart	http://purl.obolibrary.org/obo/UBERON_0000948
E-MTAB-4644	kidney	http://purl.obolibrary.org/obo/UBERON_0002113
E-MTAB-4644	liver	http://purl.obolibrary.org/obo/UBERON_0002107
E-MTAB-4644	lung	http://purl.obolibrary.org/obo/UBERON_0002048
E-MTAB-4644	skeletal muscle organ	http://purl.obolibrary.org/obo/UBERON_0014892
E-MTAB-4644	spleen	http://purl.obolibrary.org/obo/UBERON_0002106
E-MTAB-4644	testis	http://purl.obolibrary.org/obo/UBERON_0000473
E-MTAB-4765	collenchyma	http://purl.obolibrary.org/obo/PO_0005423
E-MTAB-4765	endodermis	http://purl.obolibrary.org/obo/PO_0000252
E-MTAB-4765	epidermis	http://purl.obolibrary.org/obo/UBERON_0001003
E-MTAB-4765	parenchyma	http://purl.obolibrary.org/obo/PO_0005421
E-MTAB-4765	pericarp of fruit at 7 days post anthesis	http://purl.obolibrary.org/obo/PO_0009084
E-MTAB-4765	pericarp of fruit at 7 days post breaker stage	http://purl.obolibrary.org/obo/PO_0009084
E-MTAB-4765	pericarp of fruit at breaker stage	http://purl.obolibrary.org/obo/PO_0009084
E-MTAB-4765	pericarp of fruit at mature green stage	http://purl.obolibrary.org/obo/PO_0009084
E-MTAB-4765	portion of vascular tissue
E-MTAB-4792	pericarp	http://purl.obolibrary.org/obo/PO_0009084
E-MTAB-4792	seed	http://purl.obolibrary.org/obo/PO_0009010
E-MTAB-4812	1 cm fruit	http://purl.obolibrary.org/obo/PO_0009001
E-MTAB-4812	2 cm fruit	http://purl.obolibrary.org/obo/PO_0009001
E-MTAB-4812	3 cm fruit	http://purl.obolibrary.org/obo/PO_0009001
E-MTAB-4812	breaker fruit
E-MTAB-4812	flower bud	http://purl.obolibrary.org/obo/PO_0000056
E-MTAB-4812	flower	http://purl.obolibrary.org/obo/PO_0009046
E-MTAB-4812	fruit at 10 days after the breaker stage
E-MTAB-4812	leaf	http://purl.obolibrary.org/obo/PO_0025034
E-MTAB-4812	mature green fruit
E-MTAB-4812	root	http://purl.obolibrary.org/obo/PO_0009005
E-MTAB-4813	bottom section of fruit
E-MTAB-4813	middle section of fruit
E-MTAB-4813	top section of fruit
E-MTAB-4819	immature green fruit
E-MTAB-4819	red ripe fruit
E-MTAB-4837	pericarp and exocarp	http://purl.obolibrary.org/obo/PO_0009085 http://purl.obolibrary.org/obo/PO_0009084
E-MTAB-4837	pericarp	http://purl.obolibrary.org/obo/PO_0009084
E-MTAB-4837	seed	http://purl.obolibrary.org/obo/PO_0009010
E-MTAB-4837	septum and seed	http://purl.obolibrary.org/obo/PO_0009010 http://purl.obolibrary.org/obo/PO_0025268
E-MTAB-4837	septum	http://purl.obolibrary.org/obo/PO_0025268
E-MTAB-4840	basal ganglion	http://purl.obolibrary.org/obo/UBERON_0002420
E-MTAB-4840	brain fragment	http://purl.obolibrary.org/obo/UBERON_0000955
E-MTAB-4840	cerebellum	http://purl.obolibrary.org/obo/UBERON_0002037
E-MTAB-4840	cerebral cortex	http://purl.obolibrary.org/obo/UBERON_0000956
E-MTAB-4840	choroid plexus	http://purl.obolibrary.org/obo/UBERON_0001886
E-MTAB-4840	diencephalon and midbrain
E-MTAB-4840	diencephalon	http://purl.obolibrary.org/obo/UBERON_0001894
E-MTAB-4840	forebrain and midbrain
E-MTAB-4840	forebrain fragment	http://purl.obolibrary.org/obo/UBERON_0001890
E-MTAB-4840	forebrain	http://purl.obolibrary.org/obo/UBERON_0001890
E-MTAB-4840	hindbrain fragment	http://purl.obolibrary.org/obo/UBERON_0002028
E-MTAB-4840	hindbrain	http://purl.obolibrary.org/obo/UBERON_0002028
E-MTAB-4840	hindbrain without cerebellum
E-MTAB-4840	hippocampus	http://purl.obolibrary.org/obo/UBERON_0002421
E-MTAB-4840	medulla oblongata	http://purl.obolibrary.org/obo/UBERON_0001896
E-MTAB-4840	midbrain	http://purl.obolibrary.org/obo/UBERON_0001891
E-MTAB-4840	pituitary and diencephalon
E-MTAB-4840	pons	http://purl.obolibrary.org/obo/UBERON_0000988
E-MTAB-4840	spinal cord	http://purl.obolibrary.org/obo/UBERON_0002240
E-MTAB-4840	stomach	http://purl.obolibrary.org/obo/UBERON_0000945
E-MTAB-4840	telencephalon	http://purl.obolibrary.org/obo/UBERON_0001893
E-MTAB-4840	temporal lobe	http://purl.obolibrary.org/obo/UBERON_0001871
E-MTAB-5066	distal leaf abscission zone
E-MTAB-5066	petiole without abscission zone
E-MTAB-5072	flower bud	http://purl.obolibrary.org/obo/PO_0000056
E-MTAB-5072	root	http://purl.obolibrary.org/obo/PO_0009005
E-MTAB-5072	seed	http://purl.obolibrary.org/obo/PO_0009010
E-MTAB-513	16 tissues mixture
E-MTAB-513	adipose tissue	http://purl.obolibrary.org/obo/UBERON_0001013
E-MTAB-513	adrenal gland	http://purl.obolibrary.org/obo/UBERON_0002369
E-MTAB-513	brain	http://purl.obolibrary.org/obo/UBERON_0000955
E-MTAB-513	breast	http://purl.obolibrary.org/obo/UBERON_0000310
E-MTAB-513	colon	http://purl.obolibrary.org/obo/UBERON_0001155
E-MTAB-513	heart	http://purl.obolibrary.org/obo/UBERON_0000948
E-MTAB-513	kidney	http://purl.obolibrary.org/obo/UBERON_0002113
E-MTAB-513	leukocyte	http://purl.obolibrary.org/obo/CL_0000738
E-MTAB-513	liver	http://purl.obolibrary.org/obo/UBERON_0002107
E-MTAB-513	lung	http://purl.obolibrary.org/obo/UBERON_0002048
E-MTAB-513	lymph node	http://purl.obolibrary.org/obo/UBERON_0000029
E-MTAB-513	ovary	http://purl.obolibrary.org/obo/UBERON_0000992
E-MTAB-513	prostate gland	http://purl.obolibrary.org/obo/UBERON_0002367
E-MTAB-513	skeletal muscle tissue	http://purl.obolibrary.org/obo/UBERON_0001134
E-MTAB-513	testis	http://purl.obolibrary.org/obo/UBERON_0000473
E-MTAB-513	thyroid gland	http://purl.obolibrary.org/obo/UBERON_0002046
E-MTAB-5200	blood	http://purl.obolibrary.org/obo/UBERON_0000178
E-MTAB-5200	brain	http://purl.obolibrary.org/obo/UBERON_0000955
E-MTAB-5200	breast	http://purl.obolibrary.org/obo/UBERON_0000310
E-MTAB-5200	esophagus	http://purl.obolibrary.org/obo/UBERON_0001043
E-MTAB-5200	kidney	http://purl.obolibrary.org/obo/UBERON_0002113
E-MTAB-5200	large intestine	http://purl.obolibrary.org/obo/UBERON_0000059
E-MTAB-5200	liver	http://purl.obolibrary.org/obo/UBERON_0002107
E-MTAB-5200	lung	http://purl.obolibrary.org/obo/UBERON_0002048
E-MTAB-5200	mouth mucosa	http://purl.obolibrary.org/obo/UBERON_0003729
E-MTAB-5200	ovary	http://purl.obolibrary.org/obo/UBERON_0000992
E-MTAB-5200	pancreas	http://purl.obolibrary.org/obo/UBERON_0001264
E-MTAB-5200	prostate gland	http://purl.obolibrary.org/obo/UBERON_0002367
E-MTAB-5200	skeletal muscle tissue	http://purl.obolibrary.org/obo/UBERON_0001134
E-MTAB-5200	skin	http://purl.obolibrary.org/obo/UBERON_0000014
E-MTAB-5200	stomach	http://purl.obolibrary.org/obo/UBERON_0000945
E-MTAB-5200	thyroid gland	http://purl.obolibrary.org/obo/UBERON_0002046
E-MTAB-5200	urinary bladder	http://purl.obolibrary.org/obo/UBERON_0001255
E-MTAB-5200	uterine cervix	http://purl.obolibrary.org/obo/UBERON_0000002
E-MTAB-5200	uterus	http://purl.obolibrary.org/obo/UBERON_0000995
E-MTAB-5214	adrenal gland	http://purl.obolibrary.org/obo/UBERON_0002369
E-MTAB-5214	amygdala	http://purl.obolibrary.org/obo/UBERON_0001876
E-MTAB-5214	aorta	http://purl.obolibrary.org/obo/UBERON_0000947
E-MTAB-5214	atrium auricular region	http://purl.obolibrary.org/obo/UBERON_0006618
E-MTAB-5214	blood	http://purl.obolibrary.org/obo/UBERON_0000178
E-MTAB-5214	breast	http://purl.obolibrary.org/obo/UBERON_0000310
E-MTAB-5214	Brodmann (1909) area 24	http://purl.obolibrary.org/obo/UBERON_0006101
E-MTAB-5214	Brodmann (1909) area 9	http://purl.obolibrary.org/obo/UBERON_0013540
E-MTAB-5214	C1 segment of cervical spinal cord	http://purl.obolibrary.org/obo/UBERON_0006469
E-MTAB-5214	caudate nucleus	http://purl.obolibrary.org/obo/UBERON_0001873
E-MTAB-5214	cerebellar hemisphere	http://purl.obolibrary.org/obo/UBERON_0002245
E-MTAB-5214	cerebellum	http://purl.obolibrary.org/obo/UBERON_0002037
E-MTAB-5214	cerebral cortex	http://purl.obolibrary.org/obo/UBERON_0000956
E-MTAB-5214	coronary artery	http://purl.obolibrary.org/obo/UBERON_0001621
E-MTAB-5214	cortex of kidney	http://purl.obolibrary.org/obo/UBERON_0001225
E-MTAB-5214	EBV-transformed lymphocyte	http://purl.obolibrary.org/obo/CL_0000542
E-MTAB-5214	ectocervix	http://purl.obolibrary.org/obo/UBERON_0012249
E-MTAB-5214	endocervix	http://purl.obolibrary.org/obo/UBERON_0000458
E-MTAB-5214	esophagogastric junction	http://purl.obolibrary.org/obo/UBERON_0007650
E-MTAB-5214	esophagus mucosa	http://purl.obolibrary.org/obo/UBERON_0002469
E-MTAB-5214	esophagus muscularis mucosa	http://purl.obolibrary.org/obo/UBERON_0004648
E-MTAB-5214	fallopian tube	http://purl.obolibrary.org/obo/UBERON_0003889
E-MTAB-5214	greater omentum	http://purl.obolibrary.org/obo/UBERON_0005448
E-MTAB-5214	heart left ventricle	http://purl.obolibrary.org/obo/UBERON_0002084
E-MTAB-5214	hippocampus proper	http://purl.obolibrary.org/obo/UBERON_0001954
E-MTAB-5214	hypothalamus	http://purl.obolibrary.org/obo/UBERON_0001898
E-MTAB-5214	liver	http://purl.obolibrary.org/obo/UBERON_0002107
E-MTAB-5214	lower leg skin	http://purl.obolibrary.org/obo/UBERON_0004264
E-MTAB-5214	lung	http://purl.obolibrary.org/obo/UBERON_0002048
E-MTAB-5214	minor salivary gland	http://purl.obolibrary.org/obo/UBERON_0001830
E-MTAB-5214	nucleus accumbens	http://purl.obolibrary.org/obo/UBERON_0001882
E-MTAB-5214	ovary	http://purl.obolibrary.org/obo/UBERON_0000992
E-MTAB-5214	pancreas	http://purl.obolibrary.org/obo/UBERON_0001264
E-MTAB-5214	pituitary gland	http://purl.obolibrary.org/obo/UBERON_0000007
E-MTAB-5214	prostate gland	http://purl.obolibrary.org/obo/UBERON_0002367
E-MTAB-5214	putamen	http://purl.obolibrary.org/obo/UBERON_0001874
E-MTAB-5214	sigmoid colon	http://purl.obolibrary.org/obo/UBERON_0001159
E-MTAB-5214	skeletal muscle tissue	http://purl.obolibrary.org/obo/UBERON_0001134
E-MTAB-5214	small intestine Peyer's patch	http://purl.obolibrary.org/obo/UBERON_0003454
E-MTAB-5214	spleen	http://purl.obolibrary.org/obo/UBERON_0002106
E-MTAB-5214	stomach	http://purl.obolibrary.org/obo/UBERON_0000945
E-MTAB-5214	subcutaneous adipose tissue	http://purl.obolibrary.org/obo/UBERON_0002190
E-MTAB-5214	substantia nigra	http://purl.obolibrary.org/obo/UBERON_0002038
E-MTAB-5214	suprapubic skin	http://purl.obolibrary.org/obo/UBERON_0036149
E-MTAB-5214	testis	http://purl.obolibrary.org/obo/UBERON_0000473
E-MTAB-5214	thyroid gland	http://purl.obolibrary.org/obo/UBERON_0002046
E-MTAB-5214	tibial artery	http://purl.obolibrary.org/obo/UBERON_0007610
E-MTAB-5214	tibial nerve	http://purl.obolibrary.org/obo/UBERON_0001323
E-MTAB-5214	transformed skin fibroblast	http://purl.obolibrary.org/obo/CL_0000057
E-MTAB-5214	transverse colon	http://purl.obolibrary.org/obo/UBERON_0001157
E-MTAB-5214	urinary bladder	http://purl.obolibrary.org/obo/UBERON_0001255
E-MTAB-5214	uterus	http://purl.obolibrary.org/obo/UBERON_0000995
E-MTAB-5214	vagina	http://purl.obolibrary.org/obo/UBERON_0000996
E-MTAB-5216	mammary gland	http://purl.obolibrary.org/obo/UBERON_0001911
E-MTAB-5216	spleen	http://purl.obolibrary.org/obo/UBERON_0002106
E-MTAB-5226	flower	http://purl.obolibrary.org/obo/PO_0009046
E-MTAB-5226	fruit	http://purl.obolibrary.org/obo/PO_0009001
E-MTAB-5423	blood	http://purl.obolibrary.org/obo/UBERON_0000178
E-MTAB-5423	brain	http://purl.obolibrary.org/obo/UBERON_0000955
E-MTAB-5423	breast	http://purl.obolibrary.org/obo/UBERON_0000310
E-MTAB-5423	esophagus	http://purl.obolibrary.org/obo/UBERON_0001043
E-MTAB-5423	kidney	http://purl.obolibrary.org/obo/UBERON_0002113
E-MTAB-5423	large intestine	http://purl.obolibrary.org/obo/UBERON_0000059
E-MTAB-5423	liver	http://purl.obolibrary.org/obo/UBERON_0002107
E-MTAB-5423	lung	http://purl.obolibrary.org/obo/UBERON_0002048
E-MTAB-5423	mouth mucosa	http://purl.obolibrary.org/obo/UBERON_0003729
E-MTAB-5423	ovary	http://purl.obolibrary.org/obo/UBERON_0000992
E-MTAB-5423	pancreas	http://purl.obolibrary.org/obo/UBERON_0001264
E-MTAB-5423	prostate gland	http://purl.obolibrary.org/obo/UBERON_0002367
E-MTAB-5423	skeletal muscle tissue	http://purl.obolibrary.org/obo/UBERON_0001134
E-MTAB-5423	skin	http://purl.obolibrary.org/obo/UBERON_0000014
E-MTAB-5423	stomach	http://purl.obolibrary.org/obo/UBERON_0000945
E-MTAB-5423	thyroid gland	http://purl.obolibrary.org/obo/UBERON_0002046
E-MTAB-5423	urinary bladder	http://purl.obolibrary.org/obo/UBERON_0001255
E-MTAB-5423	uterine cervix	http://purl.obolibrary.org/obo/UBERON_0000002
E-MTAB-5423	uterus	http://purl.obolibrary.org/obo/UBERON_0000995
E-MTAB-552	flower	http://purl.obolibrary.org/obo/PO_0009046
E-MTAB-552	leaf	http://purl.obolibrary.org/obo/PO_0025034
E-MTAB-552	mature tuber	http://purl.obolibrary.org/obo/PO_0025522
E-MTAB-552	petiole	http://purl.obolibrary.org/obo/PO_0020038
E-MTAB-552	root	http://purl.obolibrary.org/obo/PO_0009005
E-MTAB-552	shoot apex	http://purl.obolibrary.org/obo/PO_0000037
E-MTAB-552	stamen	http://purl.obolibrary.org/obo/PO_0009029
E-MTAB-552	stem	http://purl.obolibrary.org/obo/PO_0009047
E-MTAB-552	stolon	http://purl.obolibrary.org/obo/PO_0003024
E-MTAB-552	tuber cortex	http://purl.obolibrary.org/obo/PO_0025057
E-MTAB-552	tuber peel	http://purl.obolibrary.org/obo/PO_0025045
E-MTAB-552	tuber pith	http://purl.obolibrary.org/obo/PO_0025053
E-MTAB-552	tuber sprout	http://purl.obolibrary.org/obo/PO_0025081
E-MTAB-552	water-stressed leaf
E-MTAB-552	whole in vitro plant
E-MTAB-552	young tuber	http://purl.obolibrary.org/obo/PO_0025522
E-MTAB-599	heart	http://purl.obolibrary.org/obo/UBERON_0000948
E-MTAB-599	hippocampal formation	http://purl.obolibrary.org/obo/UBERON_0002421
E-MTAB-599	liver	http://purl.obolibrary.org/obo/UBERON_0002107
E-MTAB-599	lung	http://purl.obolibrary.org/obo/UBERON_0002048
E-MTAB-599	spleen	http://purl.obolibrary.org/obo/UBERON_0002106
E-MTAB-599	thymus	http://purl.obolibrary.org/obo/UBERON_0002370
E-MTAB-69	cerebrospinal fluid	http://purl.obolibrary.org/obo/UBERON_0001359
E-MTAB-69	peripheral blood	http://purl.obolibrary.org/obo/UBERON_0000178
E-MTAB-964	immature style	http://purl.obolibrary.org/obo/PO_0009074
E-MTAB-964	plant ovary	http://purl.obolibrary.org/obo/PO_0009072
E-MTAB-964	pollen	http://purl.obolibrary.org/obo/PO_0025281
E-MTAB-964	style	http://purl.obolibrary.org/obo/PO_0009074
E-MTAB-964	whole organism	http://purl.obolibrary.org/obo/UBERON_0000468
E-PROT-1	adrenal gland	http://purl.obolibrary.org/obo/UBERON_0002369
E-PROT-1	B cell	http://purl.obolibrary.org/obo/CL_0000236
E-PROT-1	brain	http://purl.obolibrary.org/obo/UBERON_0000955
E-PROT-1	CD4-positive T cell	http://purl.obolibrary.org/obo/CL_0000084
E-PROT-1	CD8-positive T cell	http://purl.obolibrary.org/obo/CL_0000084
E-PROT-1	colon	http://purl.obolibrary.org/obo/UBERON_0001155
E-PROT-1	esophagus	http://purl.obolibrary.org/obo/UBERON_0001043
E-PROT-1	frontal cortex	http://purl.obolibrary.org/obo/UBERON_0001870
E-PROT-1	gall bladder	http://purl.obolibrary.org/obo/UBERON_0002110
E-PROT-1	gut	http://purl.obolibrary.org/obo/UBERON_0001007
E-PROT-1	heart	http://purl.obolibrary.org/obo/UBERON_0000948
E-PROT-1	kidney	http://purl.obolibrary.org/obo/UBERON_0002113
E-PROT-1	liver	http://purl.obolibrary.org/obo/UBERON_0002107
E-PROT-1	lung	http://purl.obolibrary.org/obo/UBERON_0002048
E-PROT-1	monocyte	http://purl.obolibrary.org/obo/CL_0000576
E-PROT-1	natural killer cell	http://purl.obolibrary.org/obo/CL_0000623
E-PROT-1	ovary	http://purl.obolibrary.org/obo/UBERON_0000992
E-PROT-1	pancreas	http://purl.obolibrary.org/obo/UBERON_0001264
E-PROT-1	placenta	http://purl.obolibrary.org/obo/UBERON_0001987
E-PROT-1	platelet	http://purl.obolibrary.org/obo/CL_0000233
E-PROT-1	prostate gland	http://purl.obolibrary.org/obo/UBERON_0002367
E-PROT-1	rectum	http://purl.obolibrary.org/obo/UBERON_0001052
E-PROT-1	retina	http://purl.obolibrary.org/obo/UBERON_0000966
E-PROT-1	spinal cord	http://purl.obolibrary.org/obo/UBERON_0002240
E-PROT-1	testis	http://purl.obolibrary.org/obo/UBERON_0000473
E-PROT-1	urinary bladder	http://purl.obolibrary.org/obo/UBERON_0001255
E-PROT-3	adrenal gland	http://purl.obolibrary.org/obo/UBERON_0002369
E-PROT-3	bone marrow	http://purl.obolibrary.org/obo/UBERON_0002371
E-PROT-3	breast	http://purl.obolibrary.org/obo/UBERON_0000310
E-PROT-3	bronchus	http://purl.obolibrary.org/obo/UBERON_0002185
E-PROT-3	cerebellum	http://purl.obolibrary.org/obo/UBERON_0002037
E-PROT-3	cerebral cortex	http://purl.obolibrary.org/obo/UBERON_0000956
E-PROT-3	cervix, uterine	http://purl.obolibrary.org/obo/UBERON_0000002
E-PROT-3	colon	http://purl.obolibrary.org/obo/UBERON_0001155
E-PROT-3	duodenum	http://purl.obolibrary.org/obo/UBERON_0002114
E-PROT-3	endometrium	http://purl.obolibrary.org/obo/UBERON_0001295
E-PROT-3	epididymis	http://purl.obolibrary.org/obo/UBERON_0001301
E-PROT-3	esophagus	http://purl.obolibrary.org/obo/UBERON_0001043
E-PROT-3	fallopian tube	http://purl.obolibrary.org/obo/UBERON_0003889
E-PROT-3	gall bladder	http://purl.obolibrary.org/obo/UBERON_0002110
E-PROT-3	heart muscle	http://purl.obolibrary.org/obo/UBERON_0002349
E-PROT-3	hippocampal formation	http://purl.obolibrary.org/obo/UBERON_0002421
E-PROT-3	kidney	http://purl.obolibrary.org/obo/UBERON_0002113
E-PROT-3	liver	http://purl.obolibrary.org/obo/UBERON_0002107
E-PROT-3	lung	http://purl.obolibrary.org/obo/UBERON_0002048
E-PROT-3	lymph node	http://purl.obolibrary.org/obo/UBERON_0000029
E-PROT-3	nasopharynx	http://purl.obolibrary.org/obo/UBERON_0001728
E-PROT-3	oral mucosa	http://purl.obolibrary.org/obo/UBERON_0003729
E-PROT-3	ovary	http://purl.obolibrary.org/obo/UBERON_0000992
E-PROT-3	pancreas	http://purl.obolibrary.org/obo/UBERON_0001264
E-PROT-3	parathyroid gland	http://purl.obolibrary.org/obo/UBERON_0001132
E-PROT-3	placenta	http://purl.obolibrary.org/obo/UBERON_0001987
E-PROT-3	prostate gland	http://purl.obolibrary.org/obo/UBERON_0002367
E-PROT-3	rectum	http://purl.obolibrary.org/obo/UBERON_0001052
E-PROT-3	saliva-secreting gland	http://purl.obolibrary.org/obo/UBERON_0001044
E-PROT-3	seminal vesicle	http://purl.obolibrary.org/obo/UBERON_0000998
E-PROT-3	skeletal muscle tissue	http://purl.obolibrary.org/obo/UBERON_0001134
E-PROT-3	small intestine	http://purl.obolibrary.org/obo/UBERON_0002108
E-PROT-3	smooth muscle tissue	http://purl.obolibrary.org/obo/UBERON_0001135
E-PROT-3	soft tissue
E-PROT-3	spleen	http://purl.obolibrary.org/obo/UBERON_0002106
E-PROT-3	stomach	http://purl.obolibrary.org/obo/UBERON_0000945
E-PROT-3	telencephalic ventricle	http://purl.obolibrary.org/obo/UBERON_0002285
E-PROT-3	testis	http://purl.obolibrary.org/obo/UBERON_0000473
E-PROT-3	thyroid gland	http://purl.obolibrary.org/obo/UBERON_0002046
E-PROT-3	tonsil	http://purl.obolibrary.org/obo/UBERON_0002372
E-PROT-3	urinary bladder	http://purl.obolibrary.org/obo/UBERON_0001255
E-PROT-3	vagina	http://purl.obolibrary.org/obo/UBERON_0000996
E-PROT-3	vermiform appendix	http://purl.obolibrary.org/obo/UBERON_0001154
E-PROT-3	zone of skin	http://purl.obolibrary.org/obo/UBERON_0000014
E-TABM-865	liver	http://purl.obolibrary.org/obo/UBERON_0002107
E-TABM-865	spleen	http://purl.obolibrary.org/obo/UBERON_0002106
